/home/zuofengrui.zfr/.local/lib/python3.10/site-packages/torch/cuda/__init__.py:63: FutureWarning: The pynvml package is deprecated. Please install nvidia-ml-py instead. If you did not install pynvml directly, please report this to the maintainers of the package that installed pynvml for you.
  import pynvml  # type: ignore[import]
初始化: models/bc_base_50k.pt, 参数量 6.77M
value head 预训练 (BC 检查点未训练过 value head):
  value 预训练 ep 1/5 mse=24.7676
  value 预训练 ep 2/5 mse=24.3373
  value 预训练 ep 3/5 mse=24.2143
  value 预训练 ep 4/5 mse=24.1454
  value 预训练 ep 5/5 mse=24.0810
GRP: models/grp_v2.pt
初始评估: 胜率 24.2%, 场均 +0.06
/home/zuofengrui.zfr/.local/lib/python3.10/site-packages/torch/cuda/__init__.py:63: FutureWarning: The pynvml package is deprecated. Please install nvidia-ml-py instead. If you did not install pynvml directly, please report this to the maintainers of the package that installed pynvml for you.
  import pynvml  # type: ignore[import]
/home/zuofengrui.zfr/.local/lib/python3.10/site-packages/torch/cuda/__init__.py:63: FutureWarning: The pynvml package is deprecated. Please install nvidia-ml-py instead. If you did not install pynvml directly, please report this to the maintainers of the package that installed pynvml for you.
  import pynvml  # type: ignore[import]
/home/zuofengrui.zfr/.local/lib/python3.10/site-packages/torch/cuda/__init__.py:63: FutureWarning: The pynvml package is deprecated. Please install nvidia-ml-py instead. If you did not install pynvml directly, please report this to the maintainers of the package that installed pynvml for you.
  import pynvml  # type: ignore[import]
/home/zuofengrui.zfr/.local/lib/python3.10/site-packages/torch/cuda/__init__.py:63: FutureWarning: The pynvml package is deprecated. Please install nvidia-ml-py instead. If you did not install pynvml directly, please report this to the maintainers of the package that installed pynvml for you.
  import pynvml  # type: ignore[import]
/home/zuofengrui.zfr/.local/lib/python3.10/site-packages/torch/cuda/__init__.py:63: FutureWarning: The pynvml package is deprecated. Please install nvidia-ml-py instead. If you did not install pynvml directly, please report this to the maintainers of the package that installed pynvml for you.
  import pynvml  # type: ignore[import]
/home/zuofengrui.zfr/.local/lib/python3.10/site-packages/torch/cuda/__init__.py:63: FutureWarning: The pynvml package is deprecated. Please install nvidia-ml-py instead. If you did not install pynvml directly, please report this to the maintainers of the package that installed pynvml for you.
  import pynvml  # type: ignore[import]
/home/zuofengrui.zfr/.local/lib/python3.10/site-packages/torch/cuda/__init__.py:63: FutureWarning: The pynvml package is deprecated. Please install nvidia-ml-py instead. If you did not install pynvml directly, please report this to the maintainers of the package that installed pynvml for you.
  import pynvml  # type: ignore[import]
/home/zuofengrui.zfr/.local/lib/python3.10/site-packages/torch/cuda/__init__.py:63: FutureWarning: The pynvml package is deprecated. Please install nvidia-ml-py instead. If you did not install pynvml directly, please report this to the maintainers of the package that installed pynvml for you.
  import pynvml  # type: ignore[import]
  PPO ep 1/3  pi_loss=0.0101  v_loss=19.9380  ent=0.010  clip=0.10
  PPO ep 2/3  pi_loss=0.0346  v_loss=18.9733  ent=0.033  clip=0.17
  PPO ep 3/3  pi_loss=0.0309  v_loss=18.6279  ent=0.028  clip=0.15
[iter 1] 样本 15242, |adv|=3.354, 收集 40s, 训练 0s
[iter 1] 评估: 胜率 24.1%, 场均 +0.03
/home/zuofengrui.zfr/.local/lib/python3.10/site-packages/torch/cuda/__init__.py:63: FutureWarning: The pynvml package is deprecated. Please install nvidia-ml-py instead. If you did not install pynvml directly, please report this to the maintainers of the package that installed pynvml for you.
  import pynvml  # type: ignore[import]
/home/zuofengrui.zfr/.local/lib/python3.10/site-packages/torch/cuda/__init__.py:63: FutureWarning: The pynvml package is deprecated. Please install nvidia-ml-py instead. If you did not install pynvml directly, please report this to the maintainers of the package that installed pynvml for you.
  import pynvml  # type: ignore[import]
/home/zuofengrui.zfr/.local/lib/python3.10/site-packages/torch/cuda/__init__.py:63: FutureWarning: The pynvml package is deprecated. Please install nvidia-ml-py instead. If you did not install pynvml directly, please report this to the maintainers of the package that installed pynvml for you.
  import pynvml  # type: ignore[import]
/home/zuofengrui.zfr/.local/lib/python3.10/site-packages/torch/cuda/__init__.py:63: FutureWarning: The pynvml package is deprecated. Please install nvidia-ml-py instead. If you did not install pynvml directly, please report this to the maintainers of the package that installed pynvml for you.
  import pynvml  # type: ignore[import]
/home/zuofengrui.zfr/.local/lib/python3.10/site-packages/torch/cuda/__init__.py:63: FutureWarning: The pynvml package is deprecated. Please install nvidia-ml-py instead. If you did not install pynvml directly, please report this to the maintainers of the package that installed pynvml for you.
  import pynvml  # type: ignore[import]
/home/zuofengrui.zfr/.local/lib/python3.10/site-packages/torch/cuda/__init__.py:63: FutureWarning: The pynvml package is deprecated. Please install nvidia-ml-py instead. If you did not install pynvml directly, please report this to the maintainers of the package that installed pynvml for you.
  import pynvml  # type: ignore[import]
/home/zuofengrui.zfr/.local/lib/python3.10/site-packages/torch/cuda/__init__.py:63: FutureWarning: The pynvml package is deprecated. Please install nvidia-ml-py instead. If you did not install pynvml directly, please report this to the maintainers of the package that installed pynvml for you.
  import pynvml  # type: ignore[import]
/home/zuofengrui.zfr/.local/lib/python3.10/site-packages/torch/cuda/__init__.py:63: FutureWarning: The pynvml package is deprecated. Please install nvidia-ml-py instead. If you did not install pynvml directly, please report this to the maintainers of the package that installed pynvml for you.
  import pynvml  # type: ignore[import]
  PPO ep 1/3  pi_loss=0.0443  v_loss=17.8129  ent=0.039  clip=0.15
  PPO ep 2/3  pi_loss=0.0207  v_loss=17.4108  ent=0.041  clip=0.17
  PPO ep 3/3  pi_loss=0.0071  v_loss=17.4027  ent=0.036  clip=0.13
[iter 2] 样本 15383, |adv|=3.191, 收集 43s, 训练 0s
/home/zuofengrui.zfr/.local/lib/python3.10/site-packages/torch/cuda/__init__.py:63: FutureWarning: The pynvml package is deprecated. Please install nvidia-ml-py instead. If you did not install pynvml directly, please report this to the maintainers of the package that installed pynvml for you.
  import pynvml  # type: ignore[import]
/home/zuofengrui.zfr/.local/lib/python3.10/site-packages/torch/cuda/__init__.py:63: FutureWarning: The pynvml package is deprecated. Please install nvidia-ml-py instead. If you did not install pynvml directly, please report this to the maintainers of the package that installed pynvml for you.
  import pynvml  # type: ignore[import]
/home/zuofengrui.zfr/.local/lib/python3.10/site-packages/torch/cuda/__init__.py:63: FutureWarning: The pynvml package is deprecated. Please install nvidia-ml-py instead. If you did not install pynvml directly, please report this to the maintainers of the package that installed pynvml for you.
  import pynvml  # type: ignore[import]
/home/zuofengrui.zfr/.local/lib/python3.10/site-packages/torch/cuda/__init__.py:63: FutureWarning: The pynvml package is deprecated. Please install nvidia-ml-py instead. If you did not install pynvml directly, please report this to the maintainers of the package that installed pynvml for you.
  import pynvml  # type: ignore[import]
/home/zuofengrui.zfr/.local/lib/python3.10/site-packages/torch/cuda/__init__.py:63: FutureWarning: The pynvml package is deprecated. Please install nvidia-ml-py instead. If you did not install pynvml directly, please report this to the maintainers of the package that installed pynvml for you.
  import pynvml  # type: ignore[import]
/home/zuofengrui.zfr/.local/lib/python3.10/site-packages/torch/cuda/__init__.py:63: FutureWarning: The pynvml package is deprecated. Please install nvidia-ml-py instead. If you did not install pynvml directly, please report this to the maintainers of the package that installed pynvml for you.
  import pynvml  # type: ignore[import]
/home/zuofengrui.zfr/.local/lib/python3.10/site-packages/torch/cuda/__init__.py:63: FutureWarning: The pynvml package is deprecated. Please install nvidia-ml-py instead. If you did not install pynvml directly, please report this to the maintainers of the package that installed pynvml for you.
  import pynvml  # type: ignore[import]
/home/zuofengrui.zfr/.local/lib/python3.10/site-packages/torch/cuda/__init__.py:63: FutureWarning: The pynvml package is deprecated. Please install nvidia-ml-py instead. If you did not install pynvml directly, please report this to the maintainers of the package that installed pynvml for you.
  import pynvml  # type: ignore[import]
  PPO ep 1/3  pi_loss=0.0044  v_loss=18.5682  ent=0.041  clip=0.12
  PPO ep 2/3  pi_loss=0.0074  v_loss=17.9491  ent=0.040  clip=0.12
  PPO ep 3/3  pi_loss=0.0151  v_loss=17.8260  ent=0.039  clip=0.11
[iter 3] 样本 15451, |adv|=3.199, 收集 40s, 训练 0s
/home/zuofengrui.zfr/.local/lib/python3.10/site-packages/torch/cuda/__init__.py:63: FutureWarning: The pynvml package is deprecated. Please install nvidia-ml-py instead. If you did not install pynvml directly, please report this to the maintainers of the package that installed pynvml for you.
  import pynvml  # type: ignore[import]
/home/zuofengrui.zfr/.local/lib/python3.10/site-packages/torch/cuda/__init__.py:63: FutureWarning: The pynvml package is deprecated. Please install nvidia-ml-py instead. If you did not install pynvml directly, please report this to the maintainers of the package that installed pynvml for you.
  import pynvml  # type: ignore[import]
/home/zuofengrui.zfr/.local/lib/python3.10/site-packages/torch/cuda/__init__.py:63: FutureWarning: The pynvml package is deprecated. Please install nvidia-ml-py instead. If you did not install pynvml directly, please report this to the maintainers of the package that installed pynvml for you.
  import pynvml  # type: ignore[import]
/home/zuofengrui.zfr/.local/lib/python3.10/site-packages/torch/cuda/__init__.py:63: FutureWarning: The pynvml package is deprecated. Please install nvidia-ml-py instead. If you did not install pynvml directly, please report this to the maintainers of the package that installed pynvml for you.
  import pynvml  # type: ignore[import]
/home/zuofengrui.zfr/.local/lib/python3.10/site-packages/torch/cuda/__init__.py:63: FutureWarning: The pynvml package is deprecated. Please install nvidia-ml-py instead. If you did not install pynvml directly, please report this to the maintainers of the package that installed pynvml for you.
  import pynvml  # type: ignore[import]
/home/zuofengrui.zfr/.local/lib/python3.10/site-packages/torch/cuda/__init__.py:63: FutureWarning: The pynvml package is deprecated. Please install nvidia-ml-py instead. If you did not install pynvml directly, please report this to the maintainers of the package that installed pynvml for you.
  import pynvml  # type: ignore[import]
/home/zuofengrui.zfr/.local/lib/python3.10/site-packages/torch/cuda/__init__.py:63: FutureWarning: The pynvml package is deprecated. Please install nvidia-ml-py instead. If you did not install pynvml directly, please report this to the maintainers of the package that installed pynvml for you.
  import pynvml  # type: ignore[import]
/home/zuofengrui.zfr/.local/lib/python3.10/site-packages/torch/cuda/__init__.py:63: FutureWarning: The pynvml package is deprecated. Please install nvidia-ml-py instead. If you did not install pynvml directly, please report this to the maintainers of the package that installed pynvml for you.
  import pynvml  # type: ignore[import]
  PPO ep 1/3  pi_loss=0.0207  v_loss=18.8009  ent=0.041  clip=0.11
  PPO ep 2/3  pi_loss=0.0265  v_loss=18.4834  ent=0.044  clip=0.15
  PPO ep 3/3  pi_loss=0.0273  v_loss=18.1974  ent=0.041  clip=0.16
[iter 4] 样本 15216, |adv|=3.261, 收集 40s, 训练 0s
/home/zuofengrui.zfr/.local/lib/python3.10/site-packages/torch/cuda/__init__.py:63: FutureWarning: The pynvml package is deprecated. Please install nvidia-ml-py instead. If you did not install pynvml directly, please report this to the maintainers of the package that installed pynvml for you.
  import pynvml  # type: ignore[import]
/home/zuofengrui.zfr/.local/lib/python3.10/site-packages/torch/cuda/__init__.py:63: FutureWarning: The pynvml package is deprecated. Please install nvidia-ml-py instead. If you did not install pynvml directly, please report this to the maintainers of the package that installed pynvml for you.
  import pynvml  # type: ignore[import]
/home/zuofengrui.zfr/.local/lib/python3.10/site-packages/torch/cuda/__init__.py:63: FutureWarning: The pynvml package is deprecated. Please install nvidia-ml-py instead. If you did not install pynvml directly, please report this to the maintainers of the package that installed pynvml for you.
  import pynvml  # type: ignore[import]
/home/zuofengrui.zfr/.local/lib/python3.10/site-packages/torch/cuda/__init__.py:63: FutureWarning: The pynvml package is deprecated. Please install nvidia-ml-py instead. If you did not install pynvml directly, please report this to the maintainers of the package that installed pynvml for you.
  import pynvml  # type: ignore[import]
/home/zuofengrui.zfr/.local/lib/python3.10/site-packages/torch/cuda/__init__.py:63: FutureWarning: The pynvml package is deprecated. Please install nvidia-ml-py instead. If you did not install pynvml directly, please report this to the maintainers of the package that installed pynvml for you.
  import pynvml  # type: ignore[import]
/home/zuofengrui.zfr/.local/lib/python3.10/site-packages/torch/cuda/__init__.py:63: FutureWarning: The pynvml package is deprecated. Please install nvidia-ml-py instead. If you did not install pynvml directly, please report this to the maintainers of the package that installed pynvml for you.
  import pynvml  # type: ignore[import]
/home/zuofengrui.zfr/.local/lib/python3.10/site-packages/torch/cuda/__init__.py:63: FutureWarning: The pynvml package is deprecated. Please install nvidia-ml-py instead. If you did not install pynvml directly, please report this to the maintainers of the package that installed pynvml for you.
  import pynvml  # type: ignore[import]
/home/zuofengrui.zfr/.local/lib/python3.10/site-packages/torch/cuda/__init__.py:63: FutureWarning: The pynvml package is deprecated. Please install nvidia-ml-py instead. If you did not install pynvml directly, please report this to the maintainers of the package that installed pynvml for you.
  import pynvml  # type: ignore[import]
  PPO ep 1/3  pi_loss=0.0167  v_loss=18.3224  ent=0.048  clip=0.11
  PPO ep 2/3  pi_loss=0.0232  v_loss=18.0310  ent=0.045  clip=0.13
  PPO ep 3/3  pi_loss=0.0198  v_loss=17.7996  ent=0.044  clip=0.16
[iter 5] 样本 15275, |adv|=3.128, 收集 39s, 训练 0s
[iter 5] 评估: 胜率 23.8%, 场均 +0.06 ★新最优
/home/zuofengrui.zfr/.local/lib/python3.10/site-packages/torch/cuda/__init__.py:63: FutureWarning: The pynvml package is deprecated. Please install nvidia-ml-py instead. If you did not install pynvml directly, please report this to the maintainers of the package that installed pynvml for you.
  import pynvml  # type: ignore[import]
/home/zuofengrui.zfr/.local/lib/python3.10/site-packages/torch/cuda/__init__.py:63: FutureWarning: The pynvml package is deprecated. Please install nvidia-ml-py instead. If you did not install pynvml directly, please report this to the maintainers of the package that installed pynvml for you.
  import pynvml  # type: ignore[import]
/home/zuofengrui.zfr/.local/lib/python3.10/site-packages/torch/cuda/__init__.py:63: FutureWarning: The pynvml package is deprecated. Please install nvidia-ml-py instead. If you did not install pynvml directly, please report this to the maintainers of the package that installed pynvml for you.
  import pynvml  # type: ignore[import]
/home/zuofengrui.zfr/.local/lib/python3.10/site-packages/torch/cuda/__init__.py:63: FutureWarning: The pynvml package is deprecated. Please install nvidia-ml-py instead. If you did not install pynvml directly, please report this to the maintainers of the package that installed pynvml for you.
  import pynvml  # type: ignore[import]
/home/zuofengrui.zfr/.local/lib/python3.10/site-packages/torch/cuda/__init__.py:63: FutureWarning: The pynvml package is deprecated. Please install nvidia-ml-py instead. If you did not install pynvml directly, please report this to the maintainers of the package that installed pynvml for you.
  import pynvml  # type: ignore[import]
/home/zuofengrui.zfr/.local/lib/python3.10/site-packages/torch/cuda/__init__.py:63: FutureWarning: The pynvml package is deprecated. Please install nvidia-ml-py instead. If you did not install pynvml directly, please report this to the maintainers of the package that installed pynvml for you.
  import pynvml  # type: ignore[import]
/home/zuofengrui.zfr/.local/lib/python3.10/site-packages/torch/cuda/__init__.py:63: FutureWarning: The pynvml package is deprecated. Please install nvidia-ml-py instead. If you did not install pynvml directly, please report this to the maintainers of the package that installed pynvml for you.
  import pynvml  # type: ignore[import]
/home/zuofengrui.zfr/.local/lib/python3.10/site-packages/torch/cuda/__init__.py:63: FutureWarning: The pynvml package is deprecated. Please install nvidia-ml-py instead. If you did not install pynvml directly, please report this to the maintainers of the package that installed pynvml for you.
  import pynvml  # type: ignore[import]
  PPO ep 1/3  pi_loss=0.0222  v_loss=17.9118  ent=0.055  clip=0.10
  PPO ep 2/3  pi_loss=0.0713  v_loss=17.6738  ent=0.056  clip=0.12
  PPO ep 3/3  pi_loss=0.0240  v_loss=17.5092  ent=0.057  clip=0.15
[iter 6] 样本 15300, |adv|=3.167, 收集 41s, 训练 0s
/home/zuofengrui.zfr/.local/lib/python3.10/site-packages/torch/cuda/__init__.py:63: FutureWarning: The pynvml package is deprecated. Please install nvidia-ml-py instead. If you did not install pynvml directly, please report this to the maintainers of the package that installed pynvml for you.
  import pynvml  # type: ignore[import]
/home/zuofengrui.zfr/.local/lib/python3.10/site-packages/torch/cuda/__init__.py:63: FutureWarning: The pynvml package is deprecated. Please install nvidia-ml-py instead. If you did not install pynvml directly, please report this to the maintainers of the package that installed pynvml for you.
  import pynvml  # type: ignore[import]
/home/zuofengrui.zfr/.local/lib/python3.10/site-packages/torch/cuda/__init__.py:63: FutureWarning: The pynvml package is deprecated. Please install nvidia-ml-py instead. If you did not install pynvml directly, please report this to the maintainers of the package that installed pynvml for you.
  import pynvml  # type: ignore[import]
/home/zuofengrui.zfr/.local/lib/python3.10/site-packages/torch/cuda/__init__.py:63: FutureWarning: The pynvml package is deprecated. Please install nvidia-ml-py instead. If you did not install pynvml directly, please report this to the maintainers of the package that installed pynvml for you.
  import pynvml  # type: ignore[import]
/home/zuofengrui.zfr/.local/lib/python3.10/site-packages/torch/cuda/__init__.py:63: FutureWarning: The pynvml package is deprecated. Please install nvidia-ml-py instead. If you did not install pynvml directly, please report this to the maintainers of the package that installed pynvml for you.
  import pynvml  # type: ignore[import]
/home/zuofengrui.zfr/.local/lib/python3.10/site-packages/torch/cuda/__init__.py:63: FutureWarning: The pynvml package is deprecated. Please install nvidia-ml-py instead. If you did not install pynvml directly, please report this to the maintainers of the package that installed pynvml for you.
  import pynvml  # type: ignore[import]
/home/zuofengrui.zfr/.local/lib/python3.10/site-packages/torch/cuda/__init__.py:63: FutureWarning: The pynvml package is deprecated. Please install nvidia-ml-py instead. If you did not install pynvml directly, please report this to the maintainers of the package that installed pynvml for you.
  import pynvml  # type: ignore[import]
/home/zuofengrui.zfr/.local/lib/python3.10/site-packages/torch/cuda/__init__.py:63: FutureWarning: The pynvml package is deprecated. Please install nvidia-ml-py instead. If you did not install pynvml directly, please report this to the maintainers of the package that installed pynvml for you.
  import pynvml  # type: ignore[import]
  PPO ep 1/3  pi_loss=0.0555  v_loss=18.5612  ent=0.061  clip=0.17
  PPO ep 2/3  pi_loss=0.6243  v_loss=18.1317  ent=0.060  clip=0.17
  PPO ep 3/3  pi_loss=0.0236  v_loss=17.8182  ent=0.059  clip=0.15
[iter 7] 样本 15363, |adv|=3.182, 收集 40s, 训练 0s
/home/zuofengrui.zfr/.local/lib/python3.10/site-packages/torch/cuda/__init__.py:63: FutureWarning: The pynvml package is deprecated. Please install nvidia-ml-py instead. If you did not install pynvml directly, please report this to the maintainers of the package that installed pynvml for you.
  import pynvml  # type: ignore[import]
/home/zuofengrui.zfr/.local/lib/python3.10/site-packages/torch/cuda/__init__.py:63: FutureWarning: The pynvml package is deprecated. Please install nvidia-ml-py instead. If you did not install pynvml directly, please report this to the maintainers of the package that installed pynvml for you.
  import pynvml  # type: ignore[import]
/home/zuofengrui.zfr/.local/lib/python3.10/site-packages/torch/cuda/__init__.py:63: FutureWarning: The pynvml package is deprecated. Please install nvidia-ml-py instead. If you did not install pynvml directly, please report this to the maintainers of the package that installed pynvml for you.
  import pynvml  # type: ignore[import]
/home/zuofengrui.zfr/.local/lib/python3.10/site-packages/torch/cuda/__init__.py:63: FutureWarning: The pynvml package is deprecated. Please install nvidia-ml-py instead. If you did not install pynvml directly, please report this to the maintainers of the package that installed pynvml for you.
  import pynvml  # type: ignore[import]
/home/zuofengrui.zfr/.local/lib/python3.10/site-packages/torch/cuda/__init__.py:63: FutureWarning: The pynvml package is deprecated. Please install nvidia-ml-py instead. If you did not install pynvml directly, please report this to the maintainers of the package that installed pynvml for you.
  import pynvml  # type: ignore[import]
/home/zuofengrui.zfr/.local/lib/python3.10/site-packages/torch/cuda/__init__.py:63: FutureWarning: The pynvml package is deprecated. Please install nvidia-ml-py instead. If you did not install pynvml directly, please report this to the maintainers of the package that installed pynvml for you.
  import pynvml  # type: ignore[import]
/home/zuofengrui.zfr/.local/lib/python3.10/site-packages/torch/cuda/__init__.py:63: FutureWarning: The pynvml package is deprecated. Please install nvidia-ml-py instead. If you did not install pynvml directly, please report this to the maintainers of the package that installed pynvml for you.
  import pynvml  # type: ignore[import]
/home/zuofengrui.zfr/.local/lib/python3.10/site-packages/torch/cuda/__init__.py:63: FutureWarning: The pynvml package is deprecated. Please install nvidia-ml-py instead. If you did not install pynvml directly, please report this to the maintainers of the package that installed pynvml for you.
  import pynvml  # type: ignore[import]
  PPO ep 1/3  pi_loss=0.0121  v_loss=18.7131  ent=0.063  clip=0.11
  PPO ep 2/3  pi_loss=0.0267  v_loss=17.9789  ent=0.062  clip=0.18
  PPO ep 3/3  pi_loss=0.0197  v_loss=18.1285  ent=0.056  clip=0.15
[iter 8] 样本 15541, |adv|=3.223, 收集 40s, 训练 0s
/home/zuofengrui.zfr/.local/lib/python3.10/site-packages/torch/cuda/__init__.py:63: FutureWarning: The pynvml package is deprecated. Please install nvidia-ml-py instead. If you did not install pynvml directly, please report this to the maintainers of the package that installed pynvml for you.
  import pynvml  # type: ignore[import]
/home/zuofengrui.zfr/.local/lib/python3.10/site-packages/torch/cuda/__init__.py:63: FutureWarning: The pynvml package is deprecated. Please install nvidia-ml-py instead. If you did not install pynvml directly, please report this to the maintainers of the package that installed pynvml for you.
  import pynvml  # type: ignore[import]
/home/zuofengrui.zfr/.local/lib/python3.10/site-packages/torch/cuda/__init__.py:63: FutureWarning: The pynvml package is deprecated. Please install nvidia-ml-py instead. If you did not install pynvml directly, please report this to the maintainers of the package that installed pynvml for you.
  import pynvml  # type: ignore[import]
/home/zuofengrui.zfr/.local/lib/python3.10/site-packages/torch/cuda/__init__.py:63: FutureWarning: The pynvml package is deprecated. Please install nvidia-ml-py instead. If you did not install pynvml directly, please report this to the maintainers of the package that installed pynvml for you.
  import pynvml  # type: ignore[import]
/home/zuofengrui.zfr/.local/lib/python3.10/site-packages/torch/cuda/__init__.py:63: FutureWarning: The pynvml package is deprecated. Please install nvidia-ml-py instead. If you did not install pynvml directly, please report this to the maintainers of the package that installed pynvml for you.
  import pynvml  # type: ignore[import]
/home/zuofengrui.zfr/.local/lib/python3.10/site-packages/torch/cuda/__init__.py:63: FutureWarning: The pynvml package is deprecated. Please install nvidia-ml-py instead. If you did not install pynvml directly, please report this to the maintainers of the package that installed pynvml for you.
  import pynvml  # type: ignore[import]
/home/zuofengrui.zfr/.local/lib/python3.10/site-packages/torch/cuda/__init__.py:63: FutureWarning: The pynvml package is deprecated. Please install nvidia-ml-py instead. If you did not install pynvml directly, please report this to the maintainers of the package that installed pynvml for you.
  import pynvml  # type: ignore[import]
/home/zuofengrui.zfr/.local/lib/python3.10/site-packages/torch/cuda/__init__.py:63: FutureWarning: The pynvml package is deprecated. Please install nvidia-ml-py instead. If you did not install pynvml directly, please report this to the maintainers of the package that installed pynvml for you.
  import pynvml  # type: ignore[import]
  PPO ep 1/3  pi_loss=0.0193  v_loss=18.5664  ent=0.064  clip=0.17
  PPO ep 2/3  pi_loss=0.0244  v_loss=18.3792  ent=0.063  clip=0.15
  PPO ep 3/3  pi_loss=0.0309  v_loss=18.1303  ent=0.066  clip=0.16
[iter 9] 样本 15528, |adv|=3.191, 收集 42s, 训练 0s
/home/zuofengrui.zfr/.local/lib/python3.10/site-packages/torch/cuda/__init__.py:63: FutureWarning: The pynvml package is deprecated. Please install nvidia-ml-py instead. If you did not install pynvml directly, please report this to the maintainers of the package that installed pynvml for you.
  import pynvml  # type: ignore[import]
/home/zuofengrui.zfr/.local/lib/python3.10/site-packages/torch/cuda/__init__.py:63: FutureWarning: The pynvml package is deprecated. Please install nvidia-ml-py instead. If you did not install pynvml directly, please report this to the maintainers of the package that installed pynvml for you.
  import pynvml  # type: ignore[import]
/home/zuofengrui.zfr/.local/lib/python3.10/site-packages/torch/cuda/__init__.py:63: FutureWarning: The pynvml package is deprecated. Please install nvidia-ml-py instead. If you did not install pynvml directly, please report this to the maintainers of the package that installed pynvml for you.
  import pynvml  # type: ignore[import]
/home/zuofengrui.zfr/.local/lib/python3.10/site-packages/torch/cuda/__init__.py:63: FutureWarning: The pynvml package is deprecated. Please install nvidia-ml-py instead. If you did not install pynvml directly, please report this to the maintainers of the package that installed pynvml for you.
  import pynvml  # type: ignore[import]
/home/zuofengrui.zfr/.local/lib/python3.10/site-packages/torch/cuda/__init__.py:63: FutureWarning: The pynvml package is deprecated. Please install nvidia-ml-py instead. If you did not install pynvml directly, please report this to the maintainers of the package that installed pynvml for you.
  import pynvml  # type: ignore[import]
/home/zuofengrui.zfr/.local/lib/python3.10/site-packages/torch/cuda/__init__.py:63: FutureWarning: The pynvml package is deprecated. Please install nvidia-ml-py instead. If you did not install pynvml directly, please report this to the maintainers of the package that installed pynvml for you.
  import pynvml  # type: ignore[import]
/home/zuofengrui.zfr/.local/lib/python3.10/site-packages/torch/cuda/__init__.py:63: FutureWarning: The pynvml package is deprecated. Please install nvidia-ml-py instead. If you did not install pynvml directly, please report this to the maintainers of the package that installed pynvml for you.
  import pynvml  # type: ignore[import]
/home/zuofengrui.zfr/.local/lib/python3.10/site-packages/torch/cuda/__init__.py:63: FutureWarning: The pynvml package is deprecated. Please install nvidia-ml-py instead. If you did not install pynvml directly, please report this to the maintainers of the package that installed pynvml for you.
  import pynvml  # type: ignore[import]
  PPO ep 1/3  pi_loss=-0.0028  v_loss=17.0188  ent=0.067  clip=0.13
  PPO ep 2/3  pi_loss=0.0592  v_loss=17.0956  ent=0.076  clip=0.18
  PPO ep 3/3  pi_loss=-0.0024  v_loss=16.4291  ent=0.065  clip=0.33
[iter 10] 样本 15363, |adv|=3.129, 收集 39s, 训练 0s
[iter 10] 评估: 胜率 24.0%, 场均 +0.09 ★新最优
/home/zuofengrui.zfr/.local/lib/python3.10/site-packages/torch/cuda/__init__.py:63: FutureWarning: The pynvml package is deprecated. Please install nvidia-ml-py instead. If you did not install pynvml directly, please report this to the maintainers of the package that installed pynvml for you.
  import pynvml  # type: ignore[import]
/home/zuofengrui.zfr/.local/lib/python3.10/site-packages/torch/cuda/__init__.py:63: FutureWarning: The pynvml package is deprecated. Please install nvidia-ml-py instead. If you did not install pynvml directly, please report this to the maintainers of the package that installed pynvml for you.
  import pynvml  # type: ignore[import]
/home/zuofengrui.zfr/.local/lib/python3.10/site-packages/torch/cuda/__init__.py:63: FutureWarning: The pynvml package is deprecated. Please install nvidia-ml-py instead. If you did not install pynvml directly, please report this to the maintainers of the package that installed pynvml for you.
  import pynvml  # type: ignore[import]
/home/zuofengrui.zfr/.local/lib/python3.10/site-packages/torch/cuda/__init__.py:63: FutureWarning: The pynvml package is deprecated. Please install nvidia-ml-py instead. If you did not install pynvml directly, please report this to the maintainers of the package that installed pynvml for you.
  import pynvml  # type: ignore[import]
/home/zuofengrui.zfr/.local/lib/python3.10/site-packages/torch/cuda/__init__.py:63: FutureWarning: The pynvml package is deprecated. Please install nvidia-ml-py instead. If you did not install pynvml directly, please report this to the maintainers of the package that installed pynvml for you.
  import pynvml  # type: ignore[import]
/home/zuofengrui.zfr/.local/lib/python3.10/site-packages/torch/cuda/__init__.py:63: FutureWarning: The pynvml package is deprecated. Please install nvidia-ml-py instead. If you did not install pynvml directly, please report this to the maintainers of the package that installed pynvml for you.
  import pynvml  # type: ignore[import]
/home/zuofengrui.zfr/.local/lib/python3.10/site-packages/torch/cuda/__init__.py:63: FutureWarning: The pynvml package is deprecated. Please install nvidia-ml-py instead. If you did not install pynvml directly, please report this to the maintainers of the package that installed pynvml for you.
  import pynvml  # type: ignore[import]
/home/zuofengrui.zfr/.local/lib/python3.10/site-packages/torch/cuda/__init__.py:63: FutureWarning: The pynvml package is deprecated. Please install nvidia-ml-py instead. If you did not install pynvml directly, please report this to the maintainers of the package that installed pynvml for you.
  import pynvml  # type: ignore[import]
  PPO ep 1/3  pi_loss=0.0205  v_loss=16.7710  ent=0.068  clip=0.13
  PPO ep 2/3  pi_loss=0.0146  v_loss=16.5247  ent=0.070  clip=0.14
  PPO ep 3/3  pi_loss=0.0164  v_loss=16.2709  ent=0.070  clip=0.15
[iter 11] 样本 15428, |adv|=3.118, 收集 43s, 训练 0s
/home/zuofengrui.zfr/.local/lib/python3.10/site-packages/torch/cuda/__init__.py:63: FutureWarning: The pynvml package is deprecated. Please install nvidia-ml-py instead. If you did not install pynvml directly, please report this to the maintainers of the package that installed pynvml for you.
  import pynvml  # type: ignore[import]
/home/zuofengrui.zfr/.local/lib/python3.10/site-packages/torch/cuda/__init__.py:63: FutureWarning: The pynvml package is deprecated. Please install nvidia-ml-py instead. If you did not install pynvml directly, please report this to the maintainers of the package that installed pynvml for you.
  import pynvml  # type: ignore[import]
/home/zuofengrui.zfr/.local/lib/python3.10/site-packages/torch/cuda/__init__.py:63: FutureWarning: The pynvml package is deprecated. Please install nvidia-ml-py instead. If you did not install pynvml directly, please report this to the maintainers of the package that installed pynvml for you.
  import pynvml  # type: ignore[import]
/home/zuofengrui.zfr/.local/lib/python3.10/site-packages/torch/cuda/__init__.py:63: FutureWarning: The pynvml package is deprecated. Please install nvidia-ml-py instead. If you did not install pynvml directly, please report this to the maintainers of the package that installed pynvml for you.
  import pynvml  # type: ignore[import]
/home/zuofengrui.zfr/.local/lib/python3.10/site-packages/torch/cuda/__init__.py:63: FutureWarning: The pynvml package is deprecated. Please install nvidia-ml-py instead. If you did not install pynvml directly, please report this to the maintainers of the package that installed pynvml for you.
  import pynvml  # type: ignore[import]
/home/zuofengrui.zfr/.local/lib/python3.10/site-packages/torch/cuda/__init__.py:63: FutureWarning: The pynvml package is deprecated. Please install nvidia-ml-py instead. If you did not install pynvml directly, please report this to the maintainers of the package that installed pynvml for you.
  import pynvml  # type: ignore[import]
/home/zuofengrui.zfr/.local/lib/python3.10/site-packages/torch/cuda/__init__.py:63: FutureWarning: The pynvml package is deprecated. Please install nvidia-ml-py instead. If you did not install pynvml directly, please report this to the maintainers of the package that installed pynvml for you.
  import pynvml  # type: ignore[import]
/home/zuofengrui.zfr/.local/lib/python3.10/site-packages/torch/cuda/__init__.py:63: FutureWarning: The pynvml package is deprecated. Please install nvidia-ml-py instead. If you did not install pynvml directly, please report this to the maintainers of the package that installed pynvml for you.
  import pynvml  # type: ignore[import]
  PPO ep 1/3  pi_loss=0.0183  v_loss=17.7796  ent=0.069  clip=0.13
  PPO ep 2/3  pi_loss=0.0343  v_loss=17.5841  ent=0.064  clip=0.18
  PPO ep 3/3  pi_loss=2.6339  v_loss=17.7815  ent=0.062  clip=0.17
[iter 12] 样本 15456, |adv|=3.136, 收集 40s, 训练 0s
/home/zuofengrui.zfr/.local/lib/python3.10/site-packages/torch/cuda/__init__.py:63: FutureWarning: The pynvml package is deprecated. Please install nvidia-ml-py instead. If you did not install pynvml directly, please report this to the maintainers of the package that installed pynvml for you.
  import pynvml  # type: ignore[import]
/home/zuofengrui.zfr/.local/lib/python3.10/site-packages/torch/cuda/__init__.py:63: FutureWarning: The pynvml package is deprecated. Please install nvidia-ml-py instead. If you did not install pynvml directly, please report this to the maintainers of the package that installed pynvml for you.
  import pynvml  # type: ignore[import]
/home/zuofengrui.zfr/.local/lib/python3.10/site-packages/torch/cuda/__init__.py:63: FutureWarning: The pynvml package is deprecated. Please install nvidia-ml-py instead. If you did not install pynvml directly, please report this to the maintainers of the package that installed pynvml for you.
  import pynvml  # type: ignore[import]
/home/zuofengrui.zfr/.local/lib/python3.10/site-packages/torch/cuda/__init__.py:63: FutureWarning: The pynvml package is deprecated. Please install nvidia-ml-py instead. If you did not install pynvml directly, please report this to the maintainers of the package that installed pynvml for you.
  import pynvml  # type: ignore[import]
/home/zuofengrui.zfr/.local/lib/python3.10/site-packages/torch/cuda/__init__.py:63: FutureWarning: The pynvml package is deprecated. Please install nvidia-ml-py instead. If you did not install pynvml directly, please report this to the maintainers of the package that installed pynvml for you.
  import pynvml  # type: ignore[import]
/home/zuofengrui.zfr/.local/lib/python3.10/site-packages/torch/cuda/__init__.py:63: FutureWarning: The pynvml package is deprecated. Please install nvidia-ml-py instead. If you did not install pynvml directly, please report this to the maintainers of the package that installed pynvml for you.
  import pynvml  # type: ignore[import]
/home/zuofengrui.zfr/.local/lib/python3.10/site-packages/torch/cuda/__init__.py:63: FutureWarning: The pynvml package is deprecated. Please install nvidia-ml-py instead. If you did not install pynvml directly, please report this to the maintainers of the package that installed pynvml for you.
  import pynvml  # type: ignore[import]
/home/zuofengrui.zfr/.local/lib/python3.10/site-packages/torch/cuda/__init__.py:63: FutureWarning: The pynvml package is deprecated. Please install nvidia-ml-py instead. If you did not install pynvml directly, please report this to the maintainers of the package that installed pynvml for you.
  import pynvml  # type: ignore[import]
  PPO ep 1/3  pi_loss=0.0152  v_loss=20.0151  ent=0.072  clip=0.13
  PPO ep 2/3  pi_loss=0.0161  v_loss=19.7252  ent=0.076  clip=0.15
  PPO ep 3/3  pi_loss=0.0216  v_loss=19.4935  ent=0.070  clip=0.15
[iter 13] 样本 15339, |adv|=3.245, 收集 40s, 训练 0s
/home/zuofengrui.zfr/.local/lib/python3.10/site-packages/torch/cuda/__init__.py:63: FutureWarning: The pynvml package is deprecated. Please install nvidia-ml-py instead. If you did not install pynvml directly, please report this to the maintainers of the package that installed pynvml for you.
  import pynvml  # type: ignore[import]
/home/zuofengrui.zfr/.local/lib/python3.10/site-packages/torch/cuda/__init__.py:63: FutureWarning: The pynvml package is deprecated. Please install nvidia-ml-py instead. If you did not install pynvml directly, please report this to the maintainers of the package that installed pynvml for you.
  import pynvml  # type: ignore[import]
/home/zuofengrui.zfr/.local/lib/python3.10/site-packages/torch/cuda/__init__.py:63: FutureWarning: The pynvml package is deprecated. Please install nvidia-ml-py instead. If you did not install pynvml directly, please report this to the maintainers of the package that installed pynvml for you.
  import pynvml  # type: ignore[import]
/home/zuofengrui.zfr/.local/lib/python3.10/site-packages/torch/cuda/__init__.py:63: FutureWarning: The pynvml package is deprecated. Please install nvidia-ml-py instead. If you did not install pynvml directly, please report this to the maintainers of the package that installed pynvml for you.
  import pynvml  # type: ignore[import]
/home/zuofengrui.zfr/.local/lib/python3.10/site-packages/torch/cuda/__init__.py:63: FutureWarning: The pynvml package is deprecated. Please install nvidia-ml-py instead. If you did not install pynvml directly, please report this to the maintainers of the package that installed pynvml for you.
  import pynvml  # type: ignore[import]
/home/zuofengrui.zfr/.local/lib/python3.10/site-packages/torch/cuda/__init__.py:63: FutureWarning: The pynvml package is deprecated. Please install nvidia-ml-py instead. If you did not install pynvml directly, please report this to the maintainers of the package that installed pynvml for you.
  import pynvml  # type: ignore[import]
/home/zuofengrui.zfr/.local/lib/python3.10/site-packages/torch/cuda/__init__.py:63: FutureWarning: The pynvml package is deprecated. Please install nvidia-ml-py instead. If you did not install pynvml directly, please report this to the maintainers of the package that installed pynvml for you.
  import pynvml  # type: ignore[import]
/home/zuofengrui.zfr/.local/lib/python3.10/site-packages/torch/cuda/__init__.py:63: FutureWarning: The pynvml package is deprecated. Please install nvidia-ml-py instead. If you did not install pynvml directly, please report this to the maintainers of the package that installed pynvml for you.
  import pynvml  # type: ignore[import]
  PPO ep 1/3  pi_loss=0.0156  v_loss=18.1482  ent=0.070  clip=0.13
  PPO ep 2/3  pi_loss=0.0258  v_loss=18.1967  ent=0.067  clip=0.13
  PPO ep 3/3  pi_loss=0.0088  v_loss=17.7122  ent=0.070  clip=0.14
[iter 14] 样本 15476, |adv|=3.213, 收集 41s, 训练 0s
/home/zuofengrui.zfr/.local/lib/python3.10/site-packages/torch/cuda/__init__.py:63: FutureWarning: The pynvml package is deprecated. Please install nvidia-ml-py instead. If you did not install pynvml directly, please report this to the maintainers of the package that installed pynvml for you.
  import pynvml  # type: ignore[import]
/home/zuofengrui.zfr/.local/lib/python3.10/site-packages/torch/cuda/__init__.py:63: FutureWarning: The pynvml package is deprecated. Please install nvidia-ml-py instead. If you did not install pynvml directly, please report this to the maintainers of the package that installed pynvml for you.
  import pynvml  # type: ignore[import]
/home/zuofengrui.zfr/.local/lib/python3.10/site-packages/torch/cuda/__init__.py:63: FutureWarning: The pynvml package is deprecated. Please install nvidia-ml-py instead. If you did not install pynvml directly, please report this to the maintainers of the package that installed pynvml for you.
  import pynvml  # type: ignore[import]
/home/zuofengrui.zfr/.local/lib/python3.10/site-packages/torch/cuda/__init__.py:63: FutureWarning: The pynvml package is deprecated. Please install nvidia-ml-py instead. If you did not install pynvml directly, please report this to the maintainers of the package that installed pynvml for you.
  import pynvml  # type: ignore[import]
/home/zuofengrui.zfr/.local/lib/python3.10/site-packages/torch/cuda/__init__.py:63: FutureWarning: The pynvml package is deprecated. Please install nvidia-ml-py instead. If you did not install pynvml directly, please report this to the maintainers of the package that installed pynvml for you.
  import pynvml  # type: ignore[import]
/home/zuofengrui.zfr/.local/lib/python3.10/site-packages/torch/cuda/__init__.py:63: FutureWarning: The pynvml package is deprecated. Please install nvidia-ml-py instead. If you did not install pynvml directly, please report this to the maintainers of the package that installed pynvml for you.
  import pynvml  # type: ignore[import]
/home/zuofengrui.zfr/.local/lib/python3.10/site-packages/torch/cuda/__init__.py:63: FutureWarning: The pynvml package is deprecated. Please install nvidia-ml-py instead. If you did not install pynvml directly, please report this to the maintainers of the package that installed pynvml for you.
  import pynvml  # type: ignore[import]
/home/zuofengrui.zfr/.local/lib/python3.10/site-packages/torch/cuda/__init__.py:63: FutureWarning: The pynvml package is deprecated. Please install nvidia-ml-py instead. If you did not install pynvml directly, please report this to the maintainers of the package that installed pynvml for you.
  import pynvml  # type: ignore[import]
  PPO ep 1/3  pi_loss=0.0234  v_loss=18.8193  ent=0.077  clip=0.13
  PPO ep 2/3  pi_loss=0.0258  v_loss=18.5944  ent=0.080  clip=0.18
  PPO ep 3/3  pi_loss=0.0231  v_loss=18.3576  ent=0.080  clip=0.16
[iter 15] 样本 15240, |adv|=3.151, 收集 40s, 训练 0s
[iter 15] 评估: 胜率 24.8%, 场均 +0.13 ★新最优
/home/zuofengrui.zfr/.local/lib/python3.10/site-packages/torch/cuda/__init__.py:63: FutureWarning: The pynvml package is deprecated. Please install nvidia-ml-py instead. If you did not install pynvml directly, please report this to the maintainers of the package that installed pynvml for you.
  import pynvml  # type: ignore[import]
/home/zuofengrui.zfr/.local/lib/python3.10/site-packages/torch/cuda/__init__.py:63: FutureWarning: The pynvml package is deprecated. Please install nvidia-ml-py instead. If you did not install pynvml directly, please report this to the maintainers of the package that installed pynvml for you.
  import pynvml  # type: ignore[import]
/home/zuofengrui.zfr/.local/lib/python3.10/site-packages/torch/cuda/__init__.py:63: FutureWarning: The pynvml package is deprecated. Please install nvidia-ml-py instead. If you did not install pynvml directly, please report this to the maintainers of the package that installed pynvml for you.
  import pynvml  # type: ignore[import]
/home/zuofengrui.zfr/.local/lib/python3.10/site-packages/torch/cuda/__init__.py:63: FutureWarning: The pynvml package is deprecated. Please install nvidia-ml-py instead. If you did not install pynvml directly, please report this to the maintainers of the package that installed pynvml for you.
  import pynvml  # type: ignore[import]
/home/zuofengrui.zfr/.local/lib/python3.10/site-packages/torch/cuda/__init__.py:63: FutureWarning: The pynvml package is deprecated. Please install nvidia-ml-py instead. If you did not install pynvml directly, please report this to the maintainers of the package that installed pynvml for you.
  import pynvml  # type: ignore[import]
/home/zuofengrui.zfr/.local/lib/python3.10/site-packages/torch/cuda/__init__.py:63: FutureWarning: The pynvml package is deprecated. Please install nvidia-ml-py instead. If you did not install pynvml directly, please report this to the maintainers of the package that installed pynvml for you.
  import pynvml  # type: ignore[import]
/home/zuofengrui.zfr/.local/lib/python3.10/site-packages/torch/cuda/__init__.py:63: FutureWarning: The pynvml package is deprecated. Please install nvidia-ml-py instead. If you did not install pynvml directly, please report this to the maintainers of the package that installed pynvml for you.
  import pynvml  # type: ignore[import]
/home/zuofengrui.zfr/.local/lib/python3.10/site-packages/torch/cuda/__init__.py:63: FutureWarning: The pynvml package is deprecated. Please install nvidia-ml-py instead. If you did not install pynvml directly, please report this to the maintainers of the package that installed pynvml for you.
  import pynvml  # type: ignore[import]
  PPO ep 1/3  pi_loss=0.0044  v_loss=20.4348  ent=0.083  clip=0.19
  PPO ep 2/3  pi_loss=0.0403  v_loss=19.9384  ent=0.086  clip=0.22
  PPO ep 3/3  pi_loss=0.0248  v_loss=19.0131  ent=0.085  clip=0.22
[iter 16] 样本 15396, |adv|=3.274, 收集 42s, 训练 0s
/home/zuofengrui.zfr/.local/lib/python3.10/site-packages/torch/cuda/__init__.py:63: FutureWarning: The pynvml package is deprecated. Please install nvidia-ml-py instead. If you did not install pynvml directly, please report this to the maintainers of the package that installed pynvml for you.
  import pynvml  # type: ignore[import]
/home/zuofengrui.zfr/.local/lib/python3.10/site-packages/torch/cuda/__init__.py:63: FutureWarning: The pynvml package is deprecated. Please install nvidia-ml-py instead. If you did not install pynvml directly, please report this to the maintainers of the package that installed pynvml for you.
  import pynvml  # type: ignore[import]
/home/zuofengrui.zfr/.local/lib/python3.10/site-packages/torch/cuda/__init__.py:63: FutureWarning: The pynvml package is deprecated. Please install nvidia-ml-py instead. If you did not install pynvml directly, please report this to the maintainers of the package that installed pynvml for you.
  import pynvml  # type: ignore[import]
/home/zuofengrui.zfr/.local/lib/python3.10/site-packages/torch/cuda/__init__.py:63: FutureWarning: The pynvml package is deprecated. Please install nvidia-ml-py instead. If you did not install pynvml directly, please report this to the maintainers of the package that installed pynvml for you.
  import pynvml  # type: ignore[import]
/home/zuofengrui.zfr/.local/lib/python3.10/site-packages/torch/cuda/__init__.py:63: FutureWarning: The pynvml package is deprecated. Please install nvidia-ml-py instead. If you did not install pynvml directly, please report this to the maintainers of the package that installed pynvml for you.
  import pynvml  # type: ignore[import]
/home/zuofengrui.zfr/.local/lib/python3.10/site-packages/torch/cuda/__init__.py:63: FutureWarning: The pynvml package is deprecated. Please install nvidia-ml-py instead. If you did not install pynvml directly, please report this to the maintainers of the package that installed pynvml for you.
  import pynvml  # type: ignore[import]
/home/zuofengrui.zfr/.local/lib/python3.10/site-packages/torch/cuda/__init__.py:63: FutureWarning: The pynvml package is deprecated. Please install nvidia-ml-py instead. If you did not install pynvml directly, please report this to the maintainers of the package that installed pynvml for you.
  import pynvml  # type: ignore[import]
/home/zuofengrui.zfr/.local/lib/python3.10/site-packages/torch/cuda/__init__.py:63: FutureWarning: The pynvml package is deprecated. Please install nvidia-ml-py instead. If you did not install pynvml directly, please report this to the maintainers of the package that installed pynvml for you.
  import pynvml  # type: ignore[import]
  PPO ep 1/3  pi_loss=0.0648  v_loss=17.1900  ent=0.096  clip=0.16
  PPO ep 2/3  pi_loss=0.0387  v_loss=16.1422  ent=0.113  clip=0.25
  PPO ep 3/3  pi_loss=0.0251  v_loss=16.5408  ent=0.109  clip=0.25
[iter 17] 样本 15368, |adv|=3.059, 收集 40s, 训练 0s
/home/zuofengrui.zfr/.local/lib/python3.10/site-packages/torch/cuda/__init__.py:63: FutureWarning: The pynvml package is deprecated. Please install nvidia-ml-py instead. If you did not install pynvml directly, please report this to the maintainers of the package that installed pynvml for you.
  import pynvml  # type: ignore[import]
/home/zuofengrui.zfr/.local/lib/python3.10/site-packages/torch/cuda/__init__.py:63: FutureWarning: The pynvml package is deprecated. Please install nvidia-ml-py instead. If you did not install pynvml directly, please report this to the maintainers of the package that installed pynvml for you.
  import pynvml  # type: ignore[import]
/home/zuofengrui.zfr/.local/lib/python3.10/site-packages/torch/cuda/__init__.py:63: FutureWarning: The pynvml package is deprecated. Please install nvidia-ml-py instead. If you did not install pynvml directly, please report this to the maintainers of the package that installed pynvml for you.
  import pynvml  # type: ignore[import]
/home/zuofengrui.zfr/.local/lib/python3.10/site-packages/torch/cuda/__init__.py:63: FutureWarning: The pynvml package is deprecated. Please install nvidia-ml-py instead. If you did not install pynvml directly, please report this to the maintainers of the package that installed pynvml for you.
  import pynvml  # type: ignore[import]
/home/zuofengrui.zfr/.local/lib/python3.10/site-packages/torch/cuda/__init__.py:63: FutureWarning: The pynvml package is deprecated. Please install nvidia-ml-py instead. If you did not install pynvml directly, please report this to the maintainers of the package that installed pynvml for you.
  import pynvml  # type: ignore[import]
/home/zuofengrui.zfr/.local/lib/python3.10/site-packages/torch/cuda/__init__.py:63: FutureWarning: The pynvml package is deprecated. Please install nvidia-ml-py instead. If you did not install pynvml directly, please report this to the maintainers of the package that installed pynvml for you.
  import pynvml  # type: ignore[import]
/home/zuofengrui.zfr/.local/lib/python3.10/site-packages/torch/cuda/__init__.py:63: FutureWarning: The pynvml package is deprecated. Please install nvidia-ml-py instead. If you did not install pynvml directly, please report this to the maintainers of the package that installed pynvml for you.
  import pynvml  # type: ignore[import]
/home/zuofengrui.zfr/.local/lib/python3.10/site-packages/torch/cuda/__init__.py:63: FutureWarning: The pynvml package is deprecated. Please install nvidia-ml-py instead. If you did not install pynvml directly, please report this to the maintainers of the package that installed pynvml for you.
  import pynvml  # type: ignore[import]
  PPO ep 1/3  pi_loss=0.0259  v_loss=18.5463  ent=0.107  clip=0.18
  PPO ep 2/3  pi_loss=0.0317  v_loss=18.3110  ent=0.113  clip=0.21
  PPO ep 3/3  pi_loss=0.0272  v_loss=18.1068  ent=0.107  clip=0.20
[iter 18] 样本 15204, |adv|=3.122, 收集 40s, 训练 0s
/home/zuofengrui.zfr/.local/lib/python3.10/site-packages/torch/cuda/__init__.py:63: FutureWarning: The pynvml package is deprecated. Please install nvidia-ml-py instead. If you did not install pynvml directly, please report this to the maintainers of the package that installed pynvml for you.
  import pynvml  # type: ignore[import]
/home/zuofengrui.zfr/.local/lib/python3.10/site-packages/torch/cuda/__init__.py:63: FutureWarning: The pynvml package is deprecated. Please install nvidia-ml-py instead. If you did not install pynvml directly, please report this to the maintainers of the package that installed pynvml for you.
  import pynvml  # type: ignore[import]
/home/zuofengrui.zfr/.local/lib/python3.10/site-packages/torch/cuda/__init__.py:63: FutureWarning: The pynvml package is deprecated. Please install nvidia-ml-py instead. If you did not install pynvml directly, please report this to the maintainers of the package that installed pynvml for you.
  import pynvml  # type: ignore[import]
/home/zuofengrui.zfr/.local/lib/python3.10/site-packages/torch/cuda/__init__.py:63: FutureWarning: The pynvml package is deprecated. Please install nvidia-ml-py instead. If you did not install pynvml directly, please report this to the maintainers of the package that installed pynvml for you.
  import pynvml  # type: ignore[import]
/home/zuofengrui.zfr/.local/lib/python3.10/site-packages/torch/cuda/__init__.py:63: FutureWarning: The pynvml package is deprecated. Please install nvidia-ml-py instead. If you did not install pynvml directly, please report this to the maintainers of the package that installed pynvml for you.
  import pynvml  # type: ignore[import]
/home/zuofengrui.zfr/.local/lib/python3.10/site-packages/torch/cuda/__init__.py:63: FutureWarning: The pynvml package is deprecated. Please install nvidia-ml-py instead. If you did not install pynvml directly, please report this to the maintainers of the package that installed pynvml for you.
  import pynvml  # type: ignore[import]
/home/zuofengrui.zfr/.local/lib/python3.10/site-packages/torch/cuda/__init__.py:63: FutureWarning: The pynvml package is deprecated. Please install nvidia-ml-py instead. If you did not install pynvml directly, please report this to the maintainers of the package that installed pynvml for you.
  import pynvml  # type: ignore[import]
/home/zuofengrui.zfr/.local/lib/python3.10/site-packages/torch/cuda/__init__.py:63: FutureWarning: The pynvml package is deprecated. Please install nvidia-ml-py instead. If you did not install pynvml directly, please report this to the maintainers of the package that installed pynvml for you.
  import pynvml  # type: ignore[import]
  PPO ep 1/3  pi_loss=0.0210  v_loss=18.1422  ent=0.115  clip=0.15
  PPO ep 2/3  pi_loss=0.0200  v_loss=17.9461  ent=0.108  clip=0.20
  PPO ep 3/3  pi_loss=0.0153  v_loss=17.7195  ent=0.110  clip=0.19
[iter 19] 样本 15229, |adv|=3.231, 收集 39s, 训练 0s
/home/zuofengrui.zfr/.local/lib/python3.10/site-packages/torch/cuda/__init__.py:63: FutureWarning: The pynvml package is deprecated. Please install nvidia-ml-py instead. If you did not install pynvml directly, please report this to the maintainers of the package that installed pynvml for you.
  import pynvml  # type: ignore[import]
/home/zuofengrui.zfr/.local/lib/python3.10/site-packages/torch/cuda/__init__.py:63: FutureWarning: The pynvml package is deprecated. Please install nvidia-ml-py instead. If you did not install pynvml directly, please report this to the maintainers of the package that installed pynvml for you.
  import pynvml  # type: ignore[import]
/home/zuofengrui.zfr/.local/lib/python3.10/site-packages/torch/cuda/__init__.py:63: FutureWarning: The pynvml package is deprecated. Please install nvidia-ml-py instead. If you did not install pynvml directly, please report this to the maintainers of the package that installed pynvml for you.
  import pynvml  # type: ignore[import]
/home/zuofengrui.zfr/.local/lib/python3.10/site-packages/torch/cuda/__init__.py:63: FutureWarning: The pynvml package is deprecated. Please install nvidia-ml-py instead. If you did not install pynvml directly, please report this to the maintainers of the package that installed pynvml for you.
  import pynvml  # type: ignore[import]
/home/zuofengrui.zfr/.local/lib/python3.10/site-packages/torch/cuda/__init__.py:63: FutureWarning: The pynvml package is deprecated. Please install nvidia-ml-py instead. If you did not install pynvml directly, please report this to the maintainers of the package that installed pynvml for you.
  import pynvml  # type: ignore[import]
/home/zuofengrui.zfr/.local/lib/python3.10/site-packages/torch/cuda/__init__.py:63: FutureWarning: The pynvml package is deprecated. Please install nvidia-ml-py instead. If you did not install pynvml directly, please report this to the maintainers of the package that installed pynvml for you.
  import pynvml  # type: ignore[import]
/home/zuofengrui.zfr/.local/lib/python3.10/site-packages/torch/cuda/__init__.py:63: FutureWarning: The pynvml package is deprecated. Please install nvidia-ml-py instead. If you did not install pynvml directly, please report this to the maintainers of the package that installed pynvml for you.
  import pynvml  # type: ignore[import]
/home/zuofengrui.zfr/.local/lib/python3.10/site-packages/torch/cuda/__init__.py:63: FutureWarning: The pynvml package is deprecated. Please install nvidia-ml-py instead. If you did not install pynvml directly, please report this to the maintainers of the package that installed pynvml for you.
  import pynvml  # type: ignore[import]
  PPO ep 1/3  pi_loss=0.0026  v_loss=17.6168  ent=0.102  clip=0.12
  PPO ep 2/3  pi_loss=0.0215  v_loss=17.3731  ent=0.106  clip=0.24
  PPO ep 3/3  pi_loss=0.0166  v_loss=17.1606  ent=0.102  clip=0.21
[iter 20] 样本 15422, |adv|=3.143, 收集 40s, 训练 0s
[iter 20] 评估: 胜率 22.7%, 场均 -0.07
/home/zuofengrui.zfr/.local/lib/python3.10/site-packages/torch/cuda/__init__.py:63: FutureWarning: The pynvml package is deprecated. Please install nvidia-ml-py instead. If you did not install pynvml directly, please report this to the maintainers of the package that installed pynvml for you.
  import pynvml  # type: ignore[import]
/home/zuofengrui.zfr/.local/lib/python3.10/site-packages/torch/cuda/__init__.py:63: FutureWarning: The pynvml package is deprecated. Please install nvidia-ml-py instead. If you did not install pynvml directly, please report this to the maintainers of the package that installed pynvml for you.
  import pynvml  # type: ignore[import]
/home/zuofengrui.zfr/.local/lib/python3.10/site-packages/torch/cuda/__init__.py:63: FutureWarning: The pynvml package is deprecated. Please install nvidia-ml-py instead. If you did not install pynvml directly, please report this to the maintainers of the package that installed pynvml for you.
  import pynvml  # type: ignore[import]
/home/zuofengrui.zfr/.local/lib/python3.10/site-packages/torch/cuda/__init__.py:63: FutureWarning: The pynvml package is deprecated. Please install nvidia-ml-py instead. If you did not install pynvml directly, please report this to the maintainers of the package that installed pynvml for you.
  import pynvml  # type: ignore[import]
/home/zuofengrui.zfr/.local/lib/python3.10/site-packages/torch/cuda/__init__.py:63: FutureWarning: The pynvml package is deprecated. Please install nvidia-ml-py instead. If you did not install pynvml directly, please report this to the maintainers of the package that installed pynvml for you.
  import pynvml  # type: ignore[import]
/home/zuofengrui.zfr/.local/lib/python3.10/site-packages/torch/cuda/__init__.py:63: FutureWarning: The pynvml package is deprecated. Please install nvidia-ml-py instead. If you did not install pynvml directly, please report this to the maintainers of the package that installed pynvml for you.
  import pynvml  # type: ignore[import]
/home/zuofengrui.zfr/.local/lib/python3.10/site-packages/torch/cuda/__init__.py:63: FutureWarning: The pynvml package is deprecated. Please install nvidia-ml-py instead. If you did not install pynvml directly, please report this to the maintainers of the package that installed pynvml for you.
  import pynvml  # type: ignore[import]
/home/zuofengrui.zfr/.local/lib/python3.10/site-packages/torch/cuda/__init__.py:63: FutureWarning: The pynvml package is deprecated. Please install nvidia-ml-py instead. If you did not install pynvml directly, please report this to the maintainers of the package that installed pynvml for you.
  import pynvml  # type: ignore[import]
  PPO ep 1/3  pi_loss=0.0221  v_loss=17.5378  ent=0.107  clip=0.26
  PPO ep 2/3  pi_loss=0.0153  v_loss=17.2953  ent=0.102  clip=0.20
  PPO ep 3/3  pi_loss=0.0162  v_loss=17.1435  ent=0.104  clip=0.19
[iter 21] 样本 15434, |adv|=3.077, 收集 42s, 训练 0s
/home/zuofengrui.zfr/.local/lib/python3.10/site-packages/torch/cuda/__init__.py:63: FutureWarning: The pynvml package is deprecated. Please install nvidia-ml-py instead. If you did not install pynvml directly, please report this to the maintainers of the package that installed pynvml for you.
  import pynvml  # type: ignore[import]
/home/zuofengrui.zfr/.local/lib/python3.10/site-packages/torch/cuda/__init__.py:63: FutureWarning: The pynvml package is deprecated. Please install nvidia-ml-py instead. If you did not install pynvml directly, please report this to the maintainers of the package that installed pynvml for you.
  import pynvml  # type: ignore[import]
/home/zuofengrui.zfr/.local/lib/python3.10/site-packages/torch/cuda/__init__.py:63: FutureWarning: The pynvml package is deprecated. Please install nvidia-ml-py instead. If you did not install pynvml directly, please report this to the maintainers of the package that installed pynvml for you.
  import pynvml  # type: ignore[import]
/home/zuofengrui.zfr/.local/lib/python3.10/site-packages/torch/cuda/__init__.py:63: FutureWarning: The pynvml package is deprecated. Please install nvidia-ml-py instead. If you did not install pynvml directly, please report this to the maintainers of the package that installed pynvml for you.
  import pynvml  # type: ignore[import]
/home/zuofengrui.zfr/.local/lib/python3.10/site-packages/torch/cuda/__init__.py:63: FutureWarning: The pynvml package is deprecated. Please install nvidia-ml-py instead. If you did not install pynvml directly, please report this to the maintainers of the package that installed pynvml for you.
  import pynvml  # type: ignore[import]
/home/zuofengrui.zfr/.local/lib/python3.10/site-packages/torch/cuda/__init__.py:63: FutureWarning: The pynvml package is deprecated. Please install nvidia-ml-py instead. If you did not install pynvml directly, please report this to the maintainers of the package that installed pynvml for you.
  import pynvml  # type: ignore[import]
/home/zuofengrui.zfr/.local/lib/python3.10/site-packages/torch/cuda/__init__.py:63: FutureWarning: The pynvml package is deprecated. Please install nvidia-ml-py instead. If you did not install pynvml directly, please report this to the maintainers of the package that installed pynvml for you.
  import pynvml  # type: ignore[import]
/home/zuofengrui.zfr/.local/lib/python3.10/site-packages/torch/cuda/__init__.py:63: FutureWarning: The pynvml package is deprecated. Please install nvidia-ml-py instead. If you did not install pynvml directly, please report this to the maintainers of the package that installed pynvml for you.
  import pynvml  # type: ignore[import]
  PPO ep 1/3  pi_loss=0.0168  v_loss=17.8782  ent=0.103  clip=0.14
  PPO ep 2/3  pi_loss=0.0152  v_loss=17.4766  ent=0.111  clip=0.18
  PPO ep 3/3  pi_loss=0.0177  v_loss=16.9782  ent=0.100  clip=0.16
[iter 22] 样本 15488, |adv|=3.091, 收集 41s, 训练 0s
/home/zuofengrui.zfr/.local/lib/python3.10/site-packages/torch/cuda/__init__.py:63: FutureWarning: The pynvml package is deprecated. Please install nvidia-ml-py instead. If you did not install pynvml directly, please report this to the maintainers of the package that installed pynvml for you.
  import pynvml  # type: ignore[import]
/home/zuofengrui.zfr/.local/lib/python3.10/site-packages/torch/cuda/__init__.py:63: FutureWarning: The pynvml package is deprecated. Please install nvidia-ml-py instead. If you did not install pynvml directly, please report this to the maintainers of the package that installed pynvml for you.
  import pynvml  # type: ignore[import]
/home/zuofengrui.zfr/.local/lib/python3.10/site-packages/torch/cuda/__init__.py:63: FutureWarning: The pynvml package is deprecated. Please install nvidia-ml-py instead. If you did not install pynvml directly, please report this to the maintainers of the package that installed pynvml for you.
  import pynvml  # type: ignore[import]
/home/zuofengrui.zfr/.local/lib/python3.10/site-packages/torch/cuda/__init__.py:63: FutureWarning: The pynvml package is deprecated. Please install nvidia-ml-py instead. If you did not install pynvml directly, please report this to the maintainers of the package that installed pynvml for you.
  import pynvml  # type: ignore[import]
/home/zuofengrui.zfr/.local/lib/python3.10/site-packages/torch/cuda/__init__.py:63: FutureWarning: The pynvml package is deprecated. Please install nvidia-ml-py instead. If you did not install pynvml directly, please report this to the maintainers of the package that installed pynvml for you.
  import pynvml  # type: ignore[import]
/home/zuofengrui.zfr/.local/lib/python3.10/site-packages/torch/cuda/__init__.py:63: FutureWarning: The pynvml package is deprecated. Please install nvidia-ml-py instead. If you did not install pynvml directly, please report this to the maintainers of the package that installed pynvml for you.
  import pynvml  # type: ignore[import]
/home/zuofengrui.zfr/.local/lib/python3.10/site-packages/torch/cuda/__init__.py:63: FutureWarning: The pynvml package is deprecated. Please install nvidia-ml-py instead. If you did not install pynvml directly, please report this to the maintainers of the package that installed pynvml for you.
  import pynvml  # type: ignore[import]
/home/zuofengrui.zfr/.local/lib/python3.10/site-packages/torch/cuda/__init__.py:63: FutureWarning: The pynvml package is deprecated. Please install nvidia-ml-py instead. If you did not install pynvml directly, please report this to the maintainers of the package that installed pynvml for you.
  import pynvml  # type: ignore[import]
  PPO ep 1/3  pi_loss=0.0229  v_loss=17.7004  ent=0.107  clip=0.17
  PPO ep 2/3  pi_loss=0.0295  v_loss=17.1752  ent=0.110  clip=0.24
  PPO ep 3/3  pi_loss=0.0218  v_loss=17.0726  ent=0.106  clip=0.19
[iter 23] 样本 15509, |adv|=3.088, 收集 41s, 训练 0s
/home/zuofengrui.zfr/.local/lib/python3.10/site-packages/torch/cuda/__init__.py:63: FutureWarning: The pynvml package is deprecated. Please install nvidia-ml-py instead. If you did not install pynvml directly, please report this to the maintainers of the package that installed pynvml for you.
  import pynvml  # type: ignore[import]
/home/zuofengrui.zfr/.local/lib/python3.10/site-packages/torch/cuda/__init__.py:63: FutureWarning: The pynvml package is deprecated. Please install nvidia-ml-py instead. If you did not install pynvml directly, please report this to the maintainers of the package that installed pynvml for you.
  import pynvml  # type: ignore[import]
/home/zuofengrui.zfr/.local/lib/python3.10/site-packages/torch/cuda/__init__.py:63: FutureWarning: The pynvml package is deprecated. Please install nvidia-ml-py instead. If you did not install pynvml directly, please report this to the maintainers of the package that installed pynvml for you.
  import pynvml  # type: ignore[import]
/home/zuofengrui.zfr/.local/lib/python3.10/site-packages/torch/cuda/__init__.py:63: FutureWarning: The pynvml package is deprecated. Please install nvidia-ml-py instead. If you did not install pynvml directly, please report this to the maintainers of the package that installed pynvml for you.
  import pynvml  # type: ignore[import]
/home/zuofengrui.zfr/.local/lib/python3.10/site-packages/torch/cuda/__init__.py:63: FutureWarning: The pynvml package is deprecated. Please install nvidia-ml-py instead. If you did not install pynvml directly, please report this to the maintainers of the package that installed pynvml for you.
  import pynvml  # type: ignore[import]
/home/zuofengrui.zfr/.local/lib/python3.10/site-packages/torch/cuda/__init__.py:63: FutureWarning: The pynvml package is deprecated. Please install nvidia-ml-py instead. If you did not install pynvml directly, please report this to the maintainers of the package that installed pynvml for you.
  import pynvml  # type: ignore[import]
/home/zuofengrui.zfr/.local/lib/python3.10/site-packages/torch/cuda/__init__.py:63: FutureWarning: The pynvml package is deprecated. Please install nvidia-ml-py instead. If you did not install pynvml directly, please report this to the maintainers of the package that installed pynvml for you.
  import pynvml  # type: ignore[import]
/home/zuofengrui.zfr/.local/lib/python3.10/site-packages/torch/cuda/__init__.py:63: FutureWarning: The pynvml package is deprecated. Please install nvidia-ml-py instead. If you did not install pynvml directly, please report this to the maintainers of the package that installed pynvml for you.
  import pynvml  # type: ignore[import]
  PPO ep 1/3  pi_loss=0.0166  v_loss=18.4169  ent=0.111  clip=0.16
  PPO ep 2/3  pi_loss=0.0295  v_loss=18.0835  ent=0.115  clip=0.19
  PPO ep 3/3  pi_loss=0.0204  v_loss=17.8294  ent=0.112  clip=0.20
[iter 24] 样本 15157, |adv|=3.184, 收集 40s, 训练 0s
/home/zuofengrui.zfr/.local/lib/python3.10/site-packages/torch/cuda/__init__.py:63: FutureWarning: The pynvml package is deprecated. Please install nvidia-ml-py instead. If you did not install pynvml directly, please report this to the maintainers of the package that installed pynvml for you.
  import pynvml  # type: ignore[import]
/home/zuofengrui.zfr/.local/lib/python3.10/site-packages/torch/cuda/__init__.py:63: FutureWarning: The pynvml package is deprecated. Please install nvidia-ml-py instead. If you did not install pynvml directly, please report this to the maintainers of the package that installed pynvml for you.
  import pynvml  # type: ignore[import]
/home/zuofengrui.zfr/.local/lib/python3.10/site-packages/torch/cuda/__init__.py:63: FutureWarning: The pynvml package is deprecated. Please install nvidia-ml-py instead. If you did not install pynvml directly, please report this to the maintainers of the package that installed pynvml for you.
  import pynvml  # type: ignore[import]
/home/zuofengrui.zfr/.local/lib/python3.10/site-packages/torch/cuda/__init__.py:63: FutureWarning: The pynvml package is deprecated. Please install nvidia-ml-py instead. If you did not install pynvml directly, please report this to the maintainers of the package that installed pynvml for you.
  import pynvml  # type: ignore[import]
/home/zuofengrui.zfr/.local/lib/python3.10/site-packages/torch/cuda/__init__.py:63: FutureWarning: The pynvml package is deprecated. Please install nvidia-ml-py instead. If you did not install pynvml directly, please report this to the maintainers of the package that installed pynvml for you.
  import pynvml  # type: ignore[import]
/home/zuofengrui.zfr/.local/lib/python3.10/site-packages/torch/cuda/__init__.py:63: FutureWarning: The pynvml package is deprecated. Please install nvidia-ml-py instead. If you did not install pynvml directly, please report this to the maintainers of the package that installed pynvml for you.
  import pynvml  # type: ignore[import]
/home/zuofengrui.zfr/.local/lib/python3.10/site-packages/torch/cuda/__init__.py:63: FutureWarning: The pynvml package is deprecated. Please install nvidia-ml-py instead. If you did not install pynvml directly, please report this to the maintainers of the package that installed pynvml for you.
  import pynvml  # type: ignore[import]
/home/zuofengrui.zfr/.local/lib/python3.10/site-packages/torch/cuda/__init__.py:63: FutureWarning: The pynvml package is deprecated. Please install nvidia-ml-py instead. If you did not install pynvml directly, please report this to the maintainers of the package that installed pynvml for you.
  import pynvml  # type: ignore[import]
  PPO ep 1/3  pi_loss=0.0241  v_loss=18.0418  ent=0.113  clip=0.14
  PPO ep 2/3  pi_loss=0.0263  v_loss=17.7803  ent=0.118  clip=0.20
  PPO ep 3/3  pi_loss=0.0292  v_loss=17.5625  ent=0.114  clip=0.18
[iter 25] 样本 15288, |adv|=3.119, 收集 41s, 训练 0s
[iter 25] 评估: 胜率 21.4%, 场均 -0.26
/home/zuofengrui.zfr/.local/lib/python3.10/site-packages/torch/cuda/__init__.py:63: FutureWarning: The pynvml package is deprecated. Please install nvidia-ml-py instead. If you did not install pynvml directly, please report this to the maintainers of the package that installed pynvml for you.
  import pynvml  # type: ignore[import]
/home/zuofengrui.zfr/.local/lib/python3.10/site-packages/torch/cuda/__init__.py:63: FutureWarning: The pynvml package is deprecated. Please install nvidia-ml-py instead. If you did not install pynvml directly, please report this to the maintainers of the package that installed pynvml for you.
  import pynvml  # type: ignore[import]
/home/zuofengrui.zfr/.local/lib/python3.10/site-packages/torch/cuda/__init__.py:63: FutureWarning: The pynvml package is deprecated. Please install nvidia-ml-py instead. If you did not install pynvml directly, please report this to the maintainers of the package that installed pynvml for you.
  import pynvml  # type: ignore[import]
/home/zuofengrui.zfr/.local/lib/python3.10/site-packages/torch/cuda/__init__.py:63: FutureWarning: The pynvml package is deprecated. Please install nvidia-ml-py instead. If you did not install pynvml directly, please report this to the maintainers of the package that installed pynvml for you.
  import pynvml  # type: ignore[import]
/home/zuofengrui.zfr/.local/lib/python3.10/site-packages/torch/cuda/__init__.py:63: FutureWarning: The pynvml package is deprecated. Please install nvidia-ml-py instead. If you did not install pynvml directly, please report this to the maintainers of the package that installed pynvml for you.
  import pynvml  # type: ignore[import]
/home/zuofengrui.zfr/.local/lib/python3.10/site-packages/torch/cuda/__init__.py:63: FutureWarning: The pynvml package is deprecated. Please install nvidia-ml-py instead. If you did not install pynvml directly, please report this to the maintainers of the package that installed pynvml for you.
  import pynvml  # type: ignore[import]
/home/zuofengrui.zfr/.local/lib/python3.10/site-packages/torch/cuda/__init__.py:63: FutureWarning: The pynvml package is deprecated. Please install nvidia-ml-py instead. If you did not install pynvml directly, please report this to the maintainers of the package that installed pynvml for you.
  import pynvml  # type: ignore[import]
/home/zuofengrui.zfr/.local/lib/python3.10/site-packages/torch/cuda/__init__.py:63: FutureWarning: The pynvml package is deprecated. Please install nvidia-ml-py instead. If you did not install pynvml directly, please report this to the maintainers of the package that installed pynvml for you.
  import pynvml  # type: ignore[import]
  PPO ep 1/3  pi_loss=0.0232  v_loss=17.9848  ent=0.122  clip=0.18
  PPO ep 2/3  pi_loss=0.0291  v_loss=17.9597  ent=0.125  clip=0.19
  PPO ep 3/3  pi_loss=0.0270  v_loss=17.4448  ent=0.120  clip=0.18
[iter 26] 样本 15612, |adv|=3.103, 收集 43s, 训练 0s
/home/zuofengrui.zfr/.local/lib/python3.10/site-packages/torch/cuda/__init__.py:63: FutureWarning: The pynvml package is deprecated. Please install nvidia-ml-py instead. If you did not install pynvml directly, please report this to the maintainers of the package that installed pynvml for you.
  import pynvml  # type: ignore[import]
/home/zuofengrui.zfr/.local/lib/python3.10/site-packages/torch/cuda/__init__.py:63: FutureWarning: The pynvml package is deprecated. Please install nvidia-ml-py instead. If you did not install pynvml directly, please report this to the maintainers of the package that installed pynvml for you.
  import pynvml  # type: ignore[import]
/home/zuofengrui.zfr/.local/lib/python3.10/site-packages/torch/cuda/__init__.py:63: FutureWarning: The pynvml package is deprecated. Please install nvidia-ml-py instead. If you did not install pynvml directly, please report this to the maintainers of the package that installed pynvml for you.
  import pynvml  # type: ignore[import]
/home/zuofengrui.zfr/.local/lib/python3.10/site-packages/torch/cuda/__init__.py:63: FutureWarning: The pynvml package is deprecated. Please install nvidia-ml-py instead. If you did not install pynvml directly, please report this to the maintainers of the package that installed pynvml for you.
  import pynvml  # type: ignore[import]
/home/zuofengrui.zfr/.local/lib/python3.10/site-packages/torch/cuda/__init__.py:63: FutureWarning: The pynvml package is deprecated. Please install nvidia-ml-py instead. If you did not install pynvml directly, please report this to the maintainers of the package that installed pynvml for you.
  import pynvml  # type: ignore[import]
/home/zuofengrui.zfr/.local/lib/python3.10/site-packages/torch/cuda/__init__.py:63: FutureWarning: The pynvml package is deprecated. Please install nvidia-ml-py instead. If you did not install pynvml directly, please report this to the maintainers of the package that installed pynvml for you.
  import pynvml  # type: ignore[import]
/home/zuofengrui.zfr/.local/lib/python3.10/site-packages/torch/cuda/__init__.py:63: FutureWarning: The pynvml package is deprecated. Please install nvidia-ml-py instead. If you did not install pynvml directly, please report this to the maintainers of the package that installed pynvml for you.
  import pynvml  # type: ignore[import]
/home/zuofengrui.zfr/.local/lib/python3.10/site-packages/torch/cuda/__init__.py:63: FutureWarning: The pynvml package is deprecated. Please install nvidia-ml-py instead. If you did not install pynvml directly, please report this to the maintainers of the package that installed pynvml for you.
  import pynvml  # type: ignore[import]
  PPO ep 1/3  pi_loss=0.0178  v_loss=17.1489  ent=0.131  clip=0.15
  PPO ep 2/3  pi_loss=0.0255  v_loss=16.5394  ent=0.131  clip=0.20
  PPO ep 3/3  pi_loss=0.0262  v_loss=16.5067  ent=0.129  clip=0.21
[iter 27] 样本 15431, |adv|=3.039, 收集 40s, 训练 0s
/home/zuofengrui.zfr/.local/lib/python3.10/site-packages/torch/cuda/__init__.py:63: FutureWarning: The pynvml package is deprecated. Please install nvidia-ml-py instead. If you did not install pynvml directly, please report this to the maintainers of the package that installed pynvml for you.
  import pynvml  # type: ignore[import]
/home/zuofengrui.zfr/.local/lib/python3.10/site-packages/torch/cuda/__init__.py:63: FutureWarning: The pynvml package is deprecated. Please install nvidia-ml-py instead. If you did not install pynvml directly, please report this to the maintainers of the package that installed pynvml for you.
  import pynvml  # type: ignore[import]
/home/zuofengrui.zfr/.local/lib/python3.10/site-packages/torch/cuda/__init__.py:63: FutureWarning: The pynvml package is deprecated. Please install nvidia-ml-py instead. If you did not install pynvml directly, please report this to the maintainers of the package that installed pynvml for you.
  import pynvml  # type: ignore[import]
/home/zuofengrui.zfr/.local/lib/python3.10/site-packages/torch/cuda/__init__.py:63: FutureWarning: The pynvml package is deprecated. Please install nvidia-ml-py instead. If you did not install pynvml directly, please report this to the maintainers of the package that installed pynvml for you.
  import pynvml  # type: ignore[import]
/home/zuofengrui.zfr/.local/lib/python3.10/site-packages/torch/cuda/__init__.py:63: FutureWarning: The pynvml package is deprecated. Please install nvidia-ml-py instead. If you did not install pynvml directly, please report this to the maintainers of the package that installed pynvml for you.
  import pynvml  # type: ignore[import]
/home/zuofengrui.zfr/.local/lib/python3.10/site-packages/torch/cuda/__init__.py:63: FutureWarning: The pynvml package is deprecated. Please install nvidia-ml-py instead. If you did not install pynvml directly, please report this to the maintainers of the package that installed pynvml for you.
  import pynvml  # type: ignore[import]
/home/zuofengrui.zfr/.local/lib/python3.10/site-packages/torch/cuda/__init__.py:63: FutureWarning: The pynvml package is deprecated. Please install nvidia-ml-py instead. If you did not install pynvml directly, please report this to the maintainers of the package that installed pynvml for you.
  import pynvml  # type: ignore[import]
/home/zuofengrui.zfr/.local/lib/python3.10/site-packages/torch/cuda/__init__.py:63: FutureWarning: The pynvml package is deprecated. Please install nvidia-ml-py instead. If you did not install pynvml directly, please report this to the maintainers of the package that installed pynvml for you.
  import pynvml  # type: ignore[import]
  PPO ep 1/3  pi_loss=0.0135  v_loss=17.1011  ent=0.123  clip=0.16
  PPO ep 2/3  pi_loss=0.0225  v_loss=16.7755  ent=0.121  clip=0.17
  PPO ep 3/3  pi_loss=0.0145  v_loss=17.3513  ent=0.118  clip=0.20
[iter 28] 样本 15411, |adv|=3.056, 收集 40s, 训练 0s
/home/zuofengrui.zfr/.local/lib/python3.10/site-packages/torch/cuda/__init__.py:63: FutureWarning: The pynvml package is deprecated. Please install nvidia-ml-py instead. If you did not install pynvml directly, please report this to the maintainers of the package that installed pynvml for you.
  import pynvml  # type: ignore[import]
/home/zuofengrui.zfr/.local/lib/python3.10/site-packages/torch/cuda/__init__.py:63: FutureWarning: The pynvml package is deprecated. Please install nvidia-ml-py instead. If you did not install pynvml directly, please report this to the maintainers of the package that installed pynvml for you.
  import pynvml  # type: ignore[import]
/home/zuofengrui.zfr/.local/lib/python3.10/site-packages/torch/cuda/__init__.py:63: FutureWarning: The pynvml package is deprecated. Please install nvidia-ml-py instead. If you did not install pynvml directly, please report this to the maintainers of the package that installed pynvml for you.
  import pynvml  # type: ignore[import]
/home/zuofengrui.zfr/.local/lib/python3.10/site-packages/torch/cuda/__init__.py:63: FutureWarning: The pynvml package is deprecated. Please install nvidia-ml-py instead. If you did not install pynvml directly, please report this to the maintainers of the package that installed pynvml for you.
  import pynvml  # type: ignore[import]
/home/zuofengrui.zfr/.local/lib/python3.10/site-packages/torch/cuda/__init__.py:63: FutureWarning: The pynvml package is deprecated. Please install nvidia-ml-py instead. If you did not install pynvml directly, please report this to the maintainers of the package that installed pynvml for you.
  import pynvml  # type: ignore[import]
/home/zuofengrui.zfr/.local/lib/python3.10/site-packages/torch/cuda/__init__.py:63: FutureWarning: The pynvml package is deprecated. Please install nvidia-ml-py instead. If you did not install pynvml directly, please report this to the maintainers of the package that installed pynvml for you.
  import pynvml  # type: ignore[import]
/home/zuofengrui.zfr/.local/lib/python3.10/site-packages/torch/cuda/__init__.py:63: FutureWarning: The pynvml package is deprecated. Please install nvidia-ml-py instead. If you did not install pynvml directly, please report this to the maintainers of the package that installed pynvml for you.
  import pynvml  # type: ignore[import]
/home/zuofengrui.zfr/.local/lib/python3.10/site-packages/torch/cuda/__init__.py:63: FutureWarning: The pynvml package is deprecated. Please install nvidia-ml-py instead. If you did not install pynvml directly, please report this to the maintainers of the package that installed pynvml for you.
  import pynvml  # type: ignore[import]
Process SpawnPoolWorker-228:
Traceback (most recent call last):
  File "/opt/conda/envs/python3.10/lib/python3.10/multiprocessing/pool.py", line 131, in worker
    put((job, i, result))
  File "/opt/conda/envs/python3.10/lib/python3.10/multiprocessing/queues.py", line 377, in put
    self._writer.send_bytes(obj)
  File "/opt/conda/envs/python3.10/lib/python3.10/multiprocessing/connection.py", line 200, in send_bytes
    self._send_bytes(m[offset:offset + size])
  File "/opt/conda/envs/python3.10/lib/python3.10/multiprocessing/connection.py", line 404, in _send_bytes
    self._send(header)
  File "/opt/conda/envs/python3.10/lib/python3.10/multiprocessing/connection.py", line 368, in _send
    n = write(self._handle, buf)
BrokenPipeError: [Errno 32] Broken pipe

During handling of the above exception, another exception occurred:

Traceback (most recent call last):
  File "/opt/conda/envs/python3.10/lib/python3.10/multiprocessing/process.py", line 314, in _bootstrap
    self.run()
  File "/opt/conda/envs/python3.10/lib/python3.10/multiprocessing/process.py", line 108, in run
    self._target(*self._args, **self._kwargs)
  File "/opt/conda/envs/python3.10/lib/python3.10/multiprocessing/pool.py", line 136, in worker
    put((job, i, (False, wrapped)))
  File "/opt/conda/envs/python3.10/lib/python3.10/multiprocessing/queues.py", line 377, in put
    self._writer.send_bytes(obj)
  File "/opt/conda/envs/python3.10/lib/python3.10/multiprocessing/connection.py", line 200, in send_bytes
    self._send_bytes(m[offset:offset + size])
  File "/opt/conda/envs/python3.10/lib/python3.10/multiprocessing/connection.py", line 404, in _send_bytes
    self._send(header)
  File "/opt/conda/envs/python3.10/lib/python3.10/multiprocessing/connection.py", line 368, in _send
    n = write(self._handle, buf)
BrokenPipeError: [Errno 32] Broken pipe
Process SpawnPoolWorker-231:
Traceback (most recent call last):
  File "/opt/conda/envs/python3.10/lib/python3.10/multiprocessing/pool.py", line 131, in worker
    put((job, i, result))
  File "/opt/conda/envs/python3.10/lib/python3.10/multiprocessing/queues.py", line 377, in put
    self._writer.send_bytes(obj)
  File "/opt/conda/envs/python3.10/lib/python3.10/multiprocessing/connection.py", line 200, in send_bytes
    self._send_bytes(m[offset:offset + size])
  File "/opt/conda/envs/python3.10/lib/python3.10/multiprocessing/connection.py", line 404, in _send_bytes
    self._send(header)
  File "/opt/conda/envs/python3.10/lib/python3.10/multiprocessing/connection.py", line 368, in _send
    n = write(self._handle, buf)
BrokenPipeError: [Errno 32] Broken pipe

During handling of the above exception, another exception occurred:

Traceback (most recent call last):
  File "/opt/conda/envs/python3.10/lib/python3.10/multiprocessing/process.py", line 314, in _bootstrap
    self.run()
  File "/opt/conda/envs/python3.10/lib/python3.10/multiprocessing/process.py", line 108, in run
    self._target(*self._args, **self._kwargs)
  File "/opt/conda/envs/python3.10/lib/python3.10/multiprocessing/pool.py", line 136, in worker
    put((job, i, (False, wrapped)))
  File "/opt/conda/envs/python3.10/lib/python3.10/multiprocessing/queues.py", line 377, in put
    self._writer.send_bytes(obj)
  File "/opt/conda/envs/python3.10/lib/python3.10/multiprocessing/connection.py", line 200, in send_bytes
    self._send_bytes(m[offset:offset + size])
  File "/opt/conda/envs/python3.10/lib/python3.10/multiprocessing/connection.py", line 404, in _send_bytes
    self._send(header)
  File "/opt/conda/envs/python3.10/lib/python3.10/multiprocessing/connection.py", line 368, in _send
    n = write(self._handle, buf)
BrokenPipeError: [Errno 32] Broken pipe
Process SpawnPoolWorker-230:
Traceback (most recent call last):
  File "/opt/conda/envs/python3.10/lib/python3.10/multiprocessing/pool.py", line 131, in worker
    put((job, i, result))
  File "/opt/conda/envs/python3.10/lib/python3.10/multiprocessing/queues.py", line 377, in put
    self._writer.send_bytes(obj)
  File "/opt/conda/envs/python3.10/lib/python3.10/multiprocessing/connection.py", line 200, in send_bytes
    self._send_bytes(m[offset:offset + size])
  File "/opt/conda/envs/python3.10/lib/python3.10/multiprocessing/connection.py", line 404, in _send_bytes
    self._send(header)
  File "/opt/conda/envs/python3.10/lib/python3.10/multiprocessing/connection.py", line 368, in _send
    n = write(self._handle, buf)
BrokenPipeError: [Errno 32] Broken pipe

During handling of the above exception, another exception occurred:

Traceback (most recent call last):
  File "/opt/conda/envs/python3.10/lib/python3.10/multiprocessing/process.py", line 314, in _bootstrap
    self.run()
  File "/opt/conda/envs/python3.10/lib/python3.10/multiprocessing/process.py", line 108, in run
    self._target(*self._args, **self._kwargs)
  File "/opt/conda/envs/python3.10/lib/python3.10/multiprocessing/pool.py", line 136, in worker
    put((job, i, (False, wrapped)))
  File "/opt/conda/envs/python3.10/lib/python3.10/multiprocessing/queues.py", line 377, in put
    self._writer.send_bytes(obj)
  File "/opt/conda/envs/python3.10/lib/python3.10/multiprocessing/connection.py", line 200, in send_bytes
    self._send_bytes(m[offset:offset + size])
  File "/opt/conda/envs/python3.10/lib/python3.10/multiprocessing/connection.py", line 404, in _send_bytes
    self._send(header)
  File "/opt/conda/envs/python3.10/lib/python3.10/multiprocessing/connection.py", line 368, in _send
    n = write(self._handle, buf)
BrokenPipeError: [Errno 32] Broken pipe
Process SpawnPoolWorker-229:
Traceback (most recent call last):
  File "/opt/conda/envs/python3.10/lib/python3.10/multiprocessing/pool.py", line 131, in worker
    put((job, i, result))
  File "/opt/conda/envs/python3.10/lib/python3.10/multiprocessing/queues.py", line 377, in put
    self._writer.send_bytes(obj)
  File "/opt/conda/envs/python3.10/lib/python3.10/multiprocessing/connection.py", line 200, in send_bytes
    self._send_bytes(m[offset:offset + size])
  File "/opt/conda/envs/python3.10/lib/python3.10/multiprocessing/connection.py", line 404, in _send_bytes
    self._send(header)
  File "/opt/conda/envs/python3.10/lib/python3.10/multiprocessing/connection.py", line 368, in _send
    n = write(self._handle, buf)
BrokenPipeError: [Errno 32] Broken pipe

During handling of the above exception, another exception occurred:

Traceback (most recent call last):
  File "/opt/conda/envs/python3.10/lib/python3.10/multiprocessing/process.py", line 314, in _bootstrap
    self.run()
  File "/opt/conda/envs/python3.10/lib/python3.10/multiprocessing/process.py", line 108, in run
    self._target(*self._args, **self._kwargs)
  File "/opt/conda/envs/python3.10/lib/python3.10/multiprocessing/pool.py", line 136, in worker
    put((job, i, (False, wrapped)))
  File "/opt/conda/envs/python3.10/lib/python3.10/multiprocessing/queues.py", line 377, in put
    self._writer.send_bytes(obj)
  File "/opt/conda/envs/python3.10/lib/python3.10/multiprocessing/connection.py", line 200, in send_bytes
    self._send_bytes(m[offset:offset + size])
  File "/opt/conda/envs/python3.10/lib/python3.10/multiprocessing/connection.py", line 404, in _send_bytes
    self._send(header)
  File "/opt/conda/envs/python3.10/lib/python3.10/multiprocessing/connection.py", line 368, in _send
    n = write(self._handle, buf)
BrokenPipeError: [Errno 32] Broken pipe
Process SpawnPoolWorker-227:
Traceback (most recent call last):
  File "/opt/conda/envs/python3.10/lib/python3.10/multiprocessing/pool.py", line 131, in worker
    put((job, i, result))
  File "/opt/conda/envs/python3.10/lib/python3.10/multiprocessing/queues.py", line 377, in put
    self._writer.send_bytes(obj)
  File "/opt/conda/envs/python3.10/lib/python3.10/multiprocessing/connection.py", line 200, in send_bytes
    self._send_bytes(m[offset:offset + size])
  File "/opt/conda/envs/python3.10/lib/python3.10/multiprocessing/connection.py", line 404, in _send_bytes
    self._send(header)
  File "/opt/conda/envs/python3.10/lib/python3.10/multiprocessing/connection.py", line 368, in _send
    n = write(self._handle, buf)
BrokenPipeError: [Errno 32] Broken pipe

During handling of the above exception, another exception occurred:

Traceback (most recent call last):
  File "/opt/conda/envs/python3.10/lib/python3.10/multiprocessing/process.py", line 314, in _bootstrap
    self.run()
  File "/opt/conda/envs/python3.10/lib/python3.10/multiprocessing/process.py", line 108, in run
    self._target(*self._args, **self._kwargs)
  File "/opt/conda/envs/python3.10/lib/python3.10/multiprocessing/pool.py", line 136, in worker
    put((job, i, (False, wrapped)))
  File "/opt/conda/envs/python3.10/lib/python3.10/multiprocessing/queues.py", line 377, in put
    self._writer.send_bytes(obj)
  File "/opt/conda/envs/python3.10/lib/python3.10/multiprocessing/connection.py", line 200, in send_bytes
    self._send_bytes(m[offset:offset + size])
  File "/opt/conda/envs/python3.10/lib/python3.10/multiprocessing/connection.py", line 404, in _send_bytes
    self._send(header)
  File "/opt/conda/envs/python3.10/lib/python3.10/multiprocessing/connection.py", line 368, in _send
    n = write(self._handle, buf)
BrokenPipeError: [Errno 32] Broken pipe
Process SpawnPoolWorker-226:
Traceback (most recent call last):
  File "/opt/conda/envs/python3.10/lib/python3.10/multiprocessing/pool.py", line 131, in worker
    put((job, i, result))
  File "/opt/conda/envs/python3.10/lib/python3.10/multiprocessing/queues.py", line 377, in put
    self._writer.send_bytes(obj)
  File "/opt/conda/envs/python3.10/lib/python3.10/multiprocessing/connection.py", line 200, in send_bytes
    self._send_bytes(m[offset:offset + size])
  File "/opt/conda/envs/python3.10/lib/python3.10/multiprocessing/connection.py", line 404, in _send_bytes
    self._send(header)
  File "/opt/conda/envs/python3.10/lib/python3.10/multiprocessing/connection.py", line 368, in _send
    n = write(self._handle, buf)
BrokenPipeError: [Errno 32] Broken pipe

During handling of the above exception, another exception occurred:

Traceback (most recent call last):
  File "/opt/conda/envs/python3.10/lib/python3.10/multiprocessing/process.py", line 314, in _bootstrap
    self.run()
  File "/opt/conda/envs/python3.10/lib/python3.10/multiprocessing/process.py", line 108, in run
    self._target(*self._args, **self._kwargs)
  File "/opt/conda/envs/python3.10/lib/python3.10/multiprocessing/pool.py", line 136, in worker
    put((job, i, (False, wrapped)))
  File "/opt/conda/envs/python3.10/lib/python3.10/multiprocessing/queues.py", line 377, in put
    self._writer.send_bytes(obj)
  File "/opt/conda/envs/python3.10/lib/python3.10/multiprocessing/connection.py", line 200, in send_bytes
    self._send_bytes(m[offset:offset + size])
  File "/opt/conda/envs/python3.10/lib/python3.10/multiprocessing/connection.py", line 404, in _send_bytes
    self._send(header)
  File "/opt/conda/envs/python3.10/lib/python3.10/multiprocessing/connection.py", line 368, in _send
    n = write(self._handle, buf)
BrokenPipeError: [Errno 32] Broken pipe
Process SpawnPoolWorker-232:
Traceback (most recent call last):
  File "/opt/conda/envs/python3.10/lib/python3.10/multiprocessing/pool.py", line 131, in worker
    put((job, i, result))
  File "/opt/conda/envs/python3.10/lib/python3.10/multiprocessing/queues.py", line 377, in put
    self._writer.send_bytes(obj)
  File "/opt/conda/envs/python3.10/lib/python3.10/multiprocessing/connection.py", line 200, in send_bytes
    self._send_bytes(m[offset:offset + size])
  File "/opt/conda/envs/python3.10/lib/python3.10/multiprocessing/connection.py", line 404, in _send_bytes
    self._send(header)
  File "/opt/conda/envs/python3.10/lib/python3.10/multiprocessing/connection.py", line 368, in _send
    n = write(self._handle, buf)
BrokenPipeError: [Errno 32] Broken pipe

During handling of the above exception, another exception occurred:

Traceback (most recent call last):
  File "/opt/conda/envs/python3.10/lib/python3.10/multiprocessing/process.py", line 314, in _bootstrap
    self.run()
  File "/opt/conda/envs/python3.10/lib/python3.10/multiprocessing/process.py", line 108, in run
    self._target(*self._args, **self._kwargs)
  File "/opt/conda/envs/python3.10/lib/python3.10/multiprocessing/pool.py", line 136, in worker
    put((job, i, (False, wrapped)))
  File "/opt/conda/envs/python3.10/lib/python3.10/multiprocessing/queues.py", line 377, in put
    self._writer.send_bytes(obj)
  File "/opt/conda/envs/python3.10/lib/python3.10/multiprocessing/connection.py", line 200, in send_bytes
    self._send_bytes(m[offset:offset + size])
  File "/opt/conda/envs/python3.10/lib/python3.10/multiprocessing/connection.py", line 404, in _send_bytes
    self._send(header)
  File "/opt/conda/envs/python3.10/lib/python3.10/multiprocessing/connection.py", line 368, in _send
    n = write(self._handle, buf)
BrokenPipeError: [Errno 32] Broken pipe
Process SpawnPoolWorker-225:
Traceback (most recent call last):
  File "/opt/conda/envs/python3.10/lib/python3.10/multiprocessing/pool.py", line 131, in worker
    put((job, i, result))
  File "/opt/conda/envs/python3.10/lib/python3.10/multiprocessing/queues.py", line 377, in put
    self._writer.send_bytes(obj)
  File "/opt/conda/envs/python3.10/lib/python3.10/multiprocessing/connection.py", line 200, in send_bytes
    self._send_bytes(m[offset:offset + size])
  File "/opt/conda/envs/python3.10/lib/python3.10/multiprocessing/connection.py", line 404, in _send_bytes
    self._send(header)
  File "/opt/conda/envs/python3.10/lib/python3.10/multiprocessing/connection.py", line 368, in _send
    n = write(self._handle, buf)
BrokenPipeError: [Errno 32] Broken pipe

During handling of the above exception, another exception occurred:

Traceback (most recent call last):
  File "/opt/conda/envs/python3.10/lib/python3.10/multiprocessing/process.py", line 314, in _bootstrap
    self.run()
  File "/opt/conda/envs/python3.10/lib/python3.10/multiprocessing/process.py", line 108, in run
    self._target(*self._args, **self._kwargs)
  File "/opt/conda/envs/python3.10/lib/python3.10/multiprocessing/pool.py", line 136, in worker
    put((job, i, (False, wrapped)))
  File "/opt/conda/envs/python3.10/lib/python3.10/multiprocessing/queues.py", line 377, in put
    self._writer.send_bytes(obj)
  File "/opt/conda/envs/python3.10/lib/python3.10/multiprocessing/connection.py", line 200, in send_bytes
    self._send_bytes(m[offset:offset + size])
  File "/opt/conda/envs/python3.10/lib/python3.10/multiprocessing/connection.py", line 404, in _send_bytes
    self._send(header)
  File "/opt/conda/envs/python3.10/lib/python3.10/multiprocessing/connection.py", line 368, in _send
    n = write(self._handle, buf)
BrokenPipeError: [Errno 32] Broken pipe
/opt/conda/envs/python3.10/lib/python3.10/multiprocessing/resource_tracker.py:224: UserWarning: resource_tracker: There appear to be 6 leaked semaphore objects to clean up at shutdown
  warnings.warn('resource_tracker: There appear to be %d '
